gnss_x,gnss_y,ndt_x,ndt_y
10088.788282022299,-21920.276381034295,56.31657791137695,5.193882465362549
10088.788282022299,-21920.276381034295,56.31915283203125,5.201117038726807
10088.788282022299,-21920.276381034295,56.31657409667969,5.193883419036865
10088.788282022299,-21920.276381034295,56.31915283203125,5.201117038726807
10088.788282022299,-21920.276381034295,56.31657791137695,5.193882942199707
10088.788282022299,-21920.276381034295,56.319183349609375,5.201112747192383
10088.788282022299,-21920.276381034295,56.31657028198242,5.193885803222656
10088.788282022299,-21920.276381034295,56.31915283203125,5.201117515563965
10088.788282022299,-21920.276381034295,56.31657409667969,5.193883895874023
10088.788282022299,-21920.276381034295,56.31858825683594,5.199132442474365
10088.788282022299,-21920.276381034295,56.31642150878906,5.1932268142700195
10088.788282022299,-21920.276381034295,56.31890869140625,5.201348781585693
10088.788282022299,-21920.276381034295,56.316558837890625,5.193926811218262
10088.788282022299,-21920.276381034295,56.31911087036133,5.201117515563965
10088.788282022299,-21920.276381034295,56.31657791137695,5.19388484954834
10088.788282022299,-21920.276381034295,56.319183349609375,5.201113700866699
10088.788282022299,-21920.276381034295,56.31656265258789,5.1939287185668945
10088.788282022299,-21920.276381034295,56.31917953491211,5.201115131378174
10088.788282022299,-21920.276381034295,56.31656265258789,5.1939287185668945
10088.788282022299,-21920.276381034295,56.319183349609375,5.201113700866699
10088.788282022299,-21920.276381034295,56.31657028198242,5.193885803222656
10088.788282022299,-21920.276381034295,56.31915283203125,5.201116561889648
10088.788282022299,-21920.276381034295,56.31657791137695,5.193882942199707
10088.788282022299,-21920.276381034295,56.319183349609375,5.201113224029541
10088.788282022299,-21920.276381034295,56.316566467285156,5.193885326385498
10088.788282022299,-21920.276381034295,56.31975555419922,5.200202465057373
10088.788282022299,-21920.276381034295,56.316226959228516,5.1939473152160645
10088.788282022299,-21920.274538313988,56.31914520263672,5.201064586639404
10088.788282022299,-21920.256111110924,56.31656265258789,5.193929195404053
10088.788282022299,-21920.213728543873,56.31475067138672,5.187516212463379
10088.788282022297,-21920.060782758424,56.314453125,5.195073127746582
10088.788282022297,-21919.97233218371,56.31223678588867,5.277112007141113
10088.788282022295,-21919.878353448075,56.29843521118164,5.392637252807617
10088.788282022295,-21919.758576628148,56.28456115722656,5.526922225952148
10088.788282022293,-21919.613001723927,56.28556823730469,5.650211334228516
10088.78828202229,-21919.246300382918,56.2774658203125,5.79091739654541
10088.788282022288,-21919.030702107048,56.27616500854492,6.0240397453308105
10088.788282022286,-21918.86301455915,56.284244537353516,6.261173248291016
10088.788282022284,-21918.673214367573,56.30778503417969,6.525269508361816
10088.78828202228,-21918.262287739206,56.29408645629883,6.798150062561035
10088.788282022279,-21918.01720593843,56.3011474609375,7.023700714111328
10088.79013716159,-21917.757382375203,56.322044372558594,7.327905654907227
10088.790137161584,-21917.23773524875,56.29635238647461,7.62812614440918
10088.79013716158,-21916.979754405827,56.302146911621094,7.958793640136719
10088.790137161577,-21916.721773562906,56.32668685913086,8.330965995788574
10088.793847440202,-21916.463792719984,56.311546325683594,8.66464614868164
10088.795702579513,-21916.200283716145,56.30350875854492,8.976522445678711
10088.804978276075,-21915.54611800731,56.29203414916992,9.28735637664795
10088.8086885547,-21915.258653639485,56.28789138793945,9.631002426147461
10088.812398833323,-21914.888266857863,56.28963851928711,10.005621910095215
10088.816109111945,-21914.600802490037,56.28155517578125,10.460695266723633
10088.825384808506,-21913.94479406089,56.302101135253906,10.915426254272461
10088.829095087129,-21913.592834482337,56.3038330078125,11.387028694152832
10088.832805365751,-21913.227975861635,56.303062438964844,11.781173706054688
10088.838370783687,-21912.861274520626,56.305702209472656,12.177072525024414
10088.842081062308,-21912.49641589992,56.30406188964844,12.62555980682373
10088.85321189818,-21911.768541378824,56.31443786621094,13.141698837280273
10088.856922176801,-21911.403682758122,56.34031677246094,13.60643482208252
10088.862487594737,-21911.029610535887,56.34451675415039,14.094593048095703
10088.86805301267,-21910.57077317955,56.31537628173828,14.50576400756836
10088.877328709223,-21909.7452344822,56.32954406738281,14.979655265808105
10088.882894127157,-21909.38406130211,56.33036422729492,15.528180122375488
10088.888459545089,-21908.973134673743,56.357059478759766,16.079788208007812
10088.899590380954,-21908.099685248424,56.350440979003906,16.570371627807617
10088.905155798886,-21907.68691589975,56.3712158203125,17.139684677124023
10088.910721216816,-21907.248348466786,56.3564453125,17.65761375427246
10088.916286634749,-21906.844792719647,56.389713287353516,18.14776039123535
10088.929272609921,-21905.862622796238,56.382774353027344,18.63238525390625
10088.934838027852,-21905.401942719593,56.37138748168945,19.27569580078125
10088.94040344578,-21904.941262642948,56.40079879760742,19.817781448364258
10088.947824003024,-21904.452941761705,56.39535140991211,20.401287078857422
10088.96080997819,-21903.411804788488,56.415435791015625,21.008743286132812
10088.96637539612,-21902.956652872763,56.411895751953125,21.66109848022461
10088.97565109267,-21902.37066781527,56.43545150756836,22.25676918029785
10088.981216510598,-21901.917358619852,56.441162109375,23.001802444458008
10088.996057625072,-21900.77671475008,56.4478874206543,23.72447395324707
10089.003478182309,-21900.203628734733,56.4613037109375,24.357778549194336
10089.01275387886,-21899.632385439694,56.478302001953125,24.957805633544922
10089.020174436095,-21899.05929942435,56.476139068603516,25.701906204223633
10089.035015550566,-21897.918655554575,56.51313018798828,26.585079193115234
10089.044291247114,-21897.349254979843,56.48792266845703,27.319671630859375
10089.051711804346,-21896.781697125414,56.489627838134766,28.150617599487305
10089.05913236158,-21896.21413927099,56.48210144042969,28.80467987060547
10089.060987500847,-21895.08270900275,56.50421905517578,29.519027709960938
10089.05913236151,-21894.518836588937,56.4857292175293,30.12300682067871
10089.057277222171,-21893.95680689543,56.48222351074219,30.769268035888672
10089.04985666489,-21893.39661992223,56.49309158325195,31.549022674560547
10088.997912764042,-21892.259661493074,56.5000114440918,32.13901901245117
10088.964520256364,-21891.769497891524,56.42790603637695,32.89115524291992
10088.929272609375,-21891.3419867804,56.42865753173828,33.60148239135742
10088.890314683757,-21890.85182317885,56.311683654785156,34.196319580078125
10088.843936200878,-21890.302692527493,56.30229949951172,34.76474380493164
10088.762310071008,-21889.331578925932,56.30643081665039,35.29443359375
10088.714076448816,-21888.84878620561,56.26224136352539,35.92110061645508
10088.597202671981,-21887.949538696004,56.15196228027344,36.521080017089844
10088.524852238706,-21887.472274136606,55.99073028564453,37.19681930541992
10088.4358055516,-21886.93972796801,55.94255828857422,37.748043060302734
10088.34304858587,-21886.471677010144,55.8359375,38.32847213745117
10088.250291620143,-21886.064435822394,55.639305114746094,38.920631408691406
10087.992427255429,-21885.087794059924,55.549991607666016,39.49043655395508
10087.851436667532,-21884.63632758482,55.33695983886719,40.220001220703125
10087.69931524375,-21884.18854655033,55.16410827636719,40.78770446777344
10087.558324655856,-21883.797889845344,55.03480529785156,41.37112045288086
10087.200282768183,-21882.863630649932,54.835487365722656,42.02197265625
10087.046306205091,-21882.484030266787,54.705360412597656,42.514976501464844
10086.83667546257,-21881.99939482617,54.487342834472656,42.98578643798828
10086.64374097388,-21881.573726435363,54.22078323364258,43.53851318359375
10086.231900046101,-21880.744502297428,54.01758575439453,43.96739196777344
10086.007428189074,-21880.340946550303,53.73566818237305,44.46400451660156
10085.77182549616,-21879.942918964098,53.497432708740234,44.84891128540039
10085.560339614334,-21879.600172987088,53.239803314208984,45.34114456176758
10085.018638934573,-21878.791218772538,52.979652404785156,45.895225524902344
10084.749643734009,-21878.420831990934,52.54150390625,46.41697311401367
10084.475083115502,-21878.055973370247,52.32703399658203,46.825035095214844
10083.901845067408,-21877.355739653787,51.985599517822266,47.24702835083008
10083.601312498507,-21877.016679117398,51.531524658203125,47.71839141845703
10083.293359372352,-21876.684989462236,51.2650146484375,48.114620208740234
10082.983551106881,-21876.358827967993,50.882354736328125,48.552490234375
10082.705280209753,-21876.082419922022,50.54309844970703,48.893497467041016
10082.33981776486,-21875.73783122472,50.07029724121094,49.34965896606445
10081.666402193818,-21875.15000344697,49.758689880371094,49.67328643798828
10081.323201420699,-21874.86990996039,49.31525421142578,50.12834167480469
10080.97072495101,-21874.600872795654,48.92512893676758,50.394256591796875
10080.61268306338,-21874.337363791838,48.49481201171875,50.775386810302734
10079.889178730866,-21873.832458427885,48.12837219238281,51.13739776611328
10079.520006007353,-21873.59474750836,47.7172966003418,51.43442916870117
10079.147123005214,-21873.364407470064,47.121490478515625,51.78514862060547
10078.768674585133,-21873.141438312992,46.694000244140625,52.070594787597656
10078.008067466346,-21872.730511684676,46.38971710205078,52.24079132080078
10077.6203433497,-21872.54808237435,45.76775360107422,52.580387115478516
10077.225198675796,-21872.378552106173,45.265159606933594,52.85978317260742
10076.421923352795,-21872.074503255637,44.75377655029297,53.05805206298828
10076.013792703696,-21871.93998467328,44.41389465332031,53.17914962768555
10075.603806915286,-21871.816522412766,43.916046142578125,53.35318374633789
10075.19196598756,-21871.69858831317,43.366329193115234,53.52594757080078
10074.368284132112,-21871.470090995204,42.92119598388672,53.74114227294922
10073.958298343703,-21871.353999615916,42.32871627807617,53.99384689331055
10073.548312555293,-21871.241593677238,41.87008285522461,54.104854583740234
10073.138326766884,-21871.134715899483,41.38148880004883,54.22317123413086
10072.323920608012,-21870.946758428257,40.82244110107422,54.32095718383789
10071.913934819606,-21870.874892336324,40.34111785888672,54.41997146606445
10071.500238752573,-21870.815925286537,39.71916961669922,54.56715393066406
10071.08654268554,-21870.76801455859,39.20260238647461,54.629329681396484
10070.25544027285,-21870.688777585452,38.72687530517578,54.72561264038086
10069.841744205818,-21870.651923179343,38.13998031616211,54.79694366455078
10069.428048138787,-21870.618754213843,37.68107223510742,54.85516357421875
10069.014352071756,-21870.585585248347,37.177677154541016,54.89173889160156
10068.192525355638,-21870.528460918886,36.63535690307617,54.97868347167969
10067.782539567237,-21870.51003371584,36.20964813232422,55.013240814208984
10067.372553778836,-21870.500820114325,35.655609130859375,54.937713623046875
10067.01451189123,-21870.498977394036,35.03487014770508,54.96455764770508
10066.552582202037,-21870.498977394058,34.59510803222656,54.98661804199219
10066.19454031443,-21870.50082011438,34.025550842285156,55.00849914550781
10065.235433289079,-21870.504505555036,33.50798797607422,55.110103607177734
10064.307863632066,-21870.50819099569,33.05805969238281,55.09306335449219
10063.753176977174,-21870.508190995715,32.486690521240234,55.10234451293945
10063.32278465632,-21870.51003371604,31.87923240661621,55.11900329589844
10062.768098001428,-21870.51187643637,31.246095657348633,55.14743423461914
10062.276486083214,-21870.513719156694,30.556787490844727,55.127933502197266
10061.72550970695,-21870.515561877022,30.003881454467773,55.13448715209961
10061.296972525412,-21870.51556187704,29.445615768432617,55.135162353515625
10060.258094509561,-21870.519247317694,28.79737091064453,55.151092529296875
10059.831412467336,-21870.51924731771,28.092390060424805,55.13249206542969
10058.859319466792,-21870.52293275836,27.445842742919922,55.1828498840332
10058.37327296652,-21870.522932758373,26.80927276611328,55.16886901855469
10057.8278620082,-21870.5247754787,26.23989486694336,55.19631576538086
10057.404890244605,-21870.52661819902,25.629371643066406,55.19186019897461
10056.438362662004,-21870.52846091936,25.051198959350586,55.1785774230957
10055.957881579674,-21870.53030363968,24.416393280029297,55.16521453857422
10055.475545358031,-21870.53214636,23.781808853149414,55.16204071044922
10054.935699817654,-21870.533989080326,23.174978256225586,55.10367965698242
10054.516438332686,-21870.533989080337,22.64879608154297,55.11439514160156
10053.559186446657,-21870.53767452098,21.966039657592773,55.093448638916016
10053.082415642957,-21870.537674520994,21.384246826171875,55.09537124633789
10052.605644839257,-21870.539517241312,20.83068084716797,55.104820251464844
10051.65395837117,-21870.541359961644,20.204919815063477,55.10540008544922
10051.179042706784,-21870.54320268196,19.597854614257812,55.10268783569336
10050.646617723663,-21870.545045402283,19.05586814880371,55.10344696044922
10050.173557198592,-21870.5468881226,18.440534591674805,55.118629455566406
10049.70049667352,-21870.54688812261,17.83076286315918,55.11567306518555
10048.817450360053,-21870.550573563243,17.275026321411133,55.13493347167969
10048.28873565556,-21870.550573563254,16.6723575592041,55.11437225341797
10047.876894727851,-21870.55241628357,15.967679977416992,55.122108459472656
10046.94004937428,-21870.554259003897,15.362520217895508,55.1324462890625
10046.415044948415,-21870.556101724214,14.847558975219727,55.099632263183594
10046.006914299334,-21870.55794444453,14.244196891784668,55.1394157409668
10045.54127433152,-21870.55610172423,13.671775817871094,55.111473083496094
10045.018125044971,-21870.552416283626,13.0485258102417,55.11338424682617
10044.09612080591,-21870.543202682107,12.46564769744873,55.1170539855957
10043.578536937304,-21870.537674521194,11.85034465789795,55.12641525268555
10043.060953068696,-21870.533989080588,11.299956321716309,55.13091278076172
10042.480294463414,-21870.52846091968,10.669759750366211,55.14259719848633
10042.012799356286,-21870.522932758766,9.957657814025879,55.14039611816406
10040.806958802184,-21870.51187643694,9.367427825927734,55.13651657104492
10040.235575893472,-21870.506348276027,8.649285316467285,55.17079162597656
10039.667903263387,-21870.500820115114,7.92461633682251,55.1660270690918
10038.543688839101,-21870.489763793285,7.103994369506836,55.172401428222656
10037.838735899782,-21870.48239291206,6.406788349151611,55.19904327392578
10037.211698811649,-21870.47686475115,5.67777156829834,55.17608642578125
10036.041105904515,-21870.46396570901,4.953477382659912,55.16557312011719
10035.415923955698,-21870.45843754809,4.06797981262207,55.19468688964844
10034.794452285507,-21870.45106666687,3.2033755779266357,55.21072006225586
10034.09506476413,-21870.44369578564,2.472825050354004,55.220420837402344
10032.883658792087,-21870.430796743498,1.5777325630187988,55.22859573364258
10032.13789278786,-21870.42342586227,0.8483731746673584,55.237422943115234
10031.55908932189,-21870.41789770135,0.19039368629455566,55.24945068359375
10030.898659726106,-21870.410526820124,-0.7251682281494141,55.248783111572266
10030.156604000507,-21870.403155938897,-1.6241576671600342,55.2685432434082
10028.839455087567,-21870.38841417644,-2.51046085357666,55.262393951416016
10028.184590909725,-21870.38104329521,-3.282449960708618,55.30744171142578
10027.609497722384,-21870.375515134285,-4.101686477661133,55.33556365966797
10026.873007414726,-21870.368144253054,-4.948990345001221,55.30047607421875
10025.56698933767,-21870.35340249059,-5.805788516998291,55.337554931640625
10024.915835438456,-21870.342346168745,-6.5647406578063965,55.34061813354492
10024.348162808372,-21870.329447126594,-7.419826984405518,55.36079788208008
10023.617237918656,-21870.312862643827,-8.219451904296875,55.350929260253906
10022.322350677483,-21870.281536398597,-9.068785667419434,55.36257553100586
10021.674907056895,-21870.26495191583,-9.904226303100586,55.38982391357422
10021.01447746111,-21870.24836743306,-10.659132957458496,55.44385528564453
10019.647239786691,-21870.215198467522,-11.534048080444336,55.43912887573242
10018.966403658453,-21870.19861398475,-12.353408813476562,55.443199157714844
10018.2837123909,-21870.18202950198,-13.186369895935059,55.507347106933594
10017.604731401974,-21870.163602298897,-14.06886100769043,55.51448440551758
10016.92575041305,-21870.147017816125,-14.926118850708008,55.50882339477539
10015.571498713825,-21870.11384885058,-15.790223121643066,55.552433013916016
10014.890662585585,-21870.097264367803,-16.644079208374023,55.57362747192383
10014.176433949693,-21870.07883716472,-17.46690559387207,55.61336898803711
10013.530845468418,-21870.06409540225,-18.32560920715332,55.61221694946289
10011.959542469454,-21870.023555555465,-19.12061882019043,55.65471267700195
10011.223052161795,-21870.00512835238,-20.08832550048828,55.65296173095703
10010.579318819833,-21869.990386589907,-21.05780601501465,55.69634246826172
10009.751926685785,-21869.968273946204,-22.013031005859375,55.68998336791992
10009.019146656752,-21869.949846743115,-22.945280075073242,55.725860595703125
10007.73724539077,-21869.91852049786,-23.922122955322266,55.78462219238281
10006.824516848275,-21869.894565133844,-24.83417510986328,55.78754425048828
10006.095447097869,-21869.87613793075,-25.78139877319336,55.776092529296875
10005.373797904718,-21869.857710727658,-26.710235595703125,55.80381774902344
10004.03438732,-21869.822699041782,-27.608768463134766,55.7600212097168
10003.373957724209,-21869.806114559,-28.440536499023438,55.7703971862793
10002.715383267734,-21869.789530076214,-29.249879837036133,55.809234619140625
10001.403799772723,-21869.76741743248,-30.035310745239258,55.83415985107422
10000.748935594873,-21869.765574712143,-30.778303146362305,55.92802810668945
10000.177552686155,-21869.76926015273,-31.62558937072754,55.915496826171875
9999.442917517801,-21869.78031647454,-32.45722961425781,55.8890495300293
9998.140609719354,-21869.807957279074,-33.23517990112305,55.9045524597168
9997.493166098757,-21869.8245417618,-34.08388137817383,55.86324691772461
9996.847577617475,-21869.850339846063,-34.95074462890625,55.72510528564453
9996.20198913619,-21869.887194252162,-35.76770782470703,55.65904998779297
9994.942349541958,-21869.995914750183,-36.677547454833984,55.5562629699707
9994.4062142802,-21870.058567240576,-37.37141418457031,55.488739013671875
9993.717957594688,-21870.152545976172,-38.181270599365234,55.411033630371094
9993.109471899681,-21870.240996550856,-38.947662353515625,55.37163162231445
9991.898065927604,-21870.430796742363,-39.70222854614258,55.26076126098633
9991.29700078985,-21870.539517240413,-40.45708465576172,55.14740753173828
9990.775706642598,-21870.644552297857,-41.222862243652344,54.9566764831543
9989.530908162858,-21870.954129309288,-41.92401885986328,54.850547790527344
9988.955814975494,-21871.13103045868,-42.617584228515625,54.687923431396484
9988.386287206069,-21871.32267337053,-43.32721710205078,54.52364730834961
9987.827890272529,-21871.52905804483,-44.04381561279297,54.22941589355469
9987.28062417487,-21871.75755536281,-44.66933059692383,54.031002044677734
9986.215774208573,-21872.271674328273,-45.41902160644531,53.72391891479492
9985.70561089719,-21872.555453255452,-46.01824951171875,53.409305572509766
9985.213998978947,-21872.86134482631,-46.687747955322266,53.12622833251953
9984.28457418256,-21873.546836780293,-47.268463134765625,52.77494430541992
9983.848616443733,-21873.917223561883,-47.88663101196289,52.353965759277344
9983.43492037667,-21874.30788026685,-48.41532897949219,51.89793395996094
9983.043485981378,-21874.718806895187,-49.02855682373047,51.380550384521484
9982.31256109158,-21875.58857087984,-49.52458953857422,50.88352966308594
9981.973070597076,-21876.03819463462,-50.015968322753906,50.31501770019531
9981.609463291486,-21876.55968448136,-50.44679260253906,49.7606315612793
9981.340468090919,-21876.97245383001,-50.874149322509766,49.13213348388672
9981.008398153666,-21877.512370879816,-51.258575439453125,48.64706802368164
9980.479683449099,-21878.41714655031,-51.58441162109375,48.23051071166992
9980.18657143744,-21878.969962642263,-51.969688415527344,47.6641845703125
9979.943548187264,-21879.469339845327,-52.347816467285156,46.90874099731445
9979.715366051601,-21879.974245209316,-52.65272521972656,46.200035095214844
9979.502025030451,-21880.482836013914,-52.91007995605469,45.73786544799805
9979.119866331688,-21881.514759385573,-53.16566467285156,45.18571090698242
9978.971455186535,-21881.971754021593,-53.399600982666016,44.49726867675781
9978.657936642392,-21883.022104596323,-53.55497741699219,43.921966552734375
9978.657936642392,-21883.022104596323,-53.798580169677734,43.25857925415039
9978.357404073446,-21884.14432126301,-53.945377349853516,42.76456069946289
9978.236820018003,-21884.605001339645,-54.268253326416016,42.07392120361328
9978.103249987358,-21885.13201934732,-54.4896125793457,41.377174377441406
9977.860226737155,-21886.18421264236,-54.600074768066406,40.74311065673828
9977.745208099648,-21886.781254021684,-54.72194290161133,39.9857177734375
9977.652451133916,-21887.311957469974,-54.80124282836914,39.35587692260742
9977.498474570793,-21888.305183715212,-55.035728454589844,38.681854248046875
9977.422413858885,-21888.902225094538,-55.07880783081055,37.956485748291016
9977.36490454012,-21889.43292854283,-55.13652420043945,37.34566116333008
9977.309250360671,-21889.96363199112,-55.24808883666992,36.636558532714844
9977.259161599164,-21890.492492719106,-55.361759185791016,36.10056686401367
9977.181245747925,-21891.485718964348,-55.49755859375,35.34220504760742
9977.138577543672,-21892.091973945207,-55.505760192871094,34.709327697753906
9977.10704017531,-21892.593193868597,-55.60197830200195,34.09206008911133
9977.060661692425,-21893.275000382026,-55.66639709472656,33.31795120239258
9976.97903556255,-21894.522522029576,-55.72654724121094,32.58353805541992
9976.936367358298,-21895.147204213503,-55.73125457763672,31.894245147705078
9976.901119711307,-21895.690806703944,-55.84806442260742,31.115507125854492
9976.858451507058,-21896.311803447257,-55.879150390625,30.39024543762207
9976.812073024175,-21897.01019444345,-55.930137634277344,29.566253662109375
9976.739722590883,-21898.093713983715,-56.0128288269043,28.74032974243164
9976.687778690059,-21898.86581379217,-56.05833435058594,27.90745735168457
9976.646965625125,-21899.48312509487,-56.12043380737305,27.017940521240234
9976.56904977389,-21900.636668006784,-56.1830940246582,26.315860748291016
9976.522671291013,-21901.325845401443,-56.254180908203125,25.564775466918945
9976.481858226083,-21901.939471263533,-56.28965759277344,24.82659912109375
9976.400232096223,-21903.1630375471,-56.282501220703125,24.07500457763672
9976.359419031292,-21903.772977968576,-56.37101364135742,23.308473587036133
9976.318605966362,-21904.382918390053,-56.40719223022461,22.479427337646484
9976.277792901434,-21904.991016091222,-56.455078125,21.741464614868164
9976.24254525445,-21905.521719539516,-56.543418884277344,20.948257446289062
9976.196166771579,-21906.205368773255,-56.565765380859375,20.216279983520508
9976.114540641725,-21907.414193294368,-56.66424560546875,19.479049682617188
9976.075582716112,-21908.018605554927,-56.711368560791016,18.724851608276367
9976.034769651187,-21908.621175095177,-56.71099090576172,17.96725082397461
9975.993956586262,-21909.223744635427,-56.80970001220703,17.212160110473633
9975.914185595728,-21910.425198275316,-56.85780334472656,16.413990020751953
9975.878937948748,-21910.95037356269,-56.87078094482422,15.688594818115234
9975.838124883825,-21911.54741494202,-56.959537506103516,14.861109733581543
9975.754643614664,-21912.817049233254,-56.992149353027344,14.065868377685547
9975.713830549743,-21913.412247892276,-57.033294677734375,13.379545211791992
9975.674872624135,-21914.007446551303,-57.089908599853516,12.668655395507812
9975.634059559216,-21914.600802490022,-57.12322998046875,11.878338813781738
9975.59510163361,-21915.194158428738,-57.17374801635742,11.21406364440918
9975.515330643084,-21916.37902758587,-57.222572326660156,10.358362197875977
9975.47637271748,-21916.968698083972,-57.27476501464844,9.645201683044434
9975.43926993119,-21917.55836858208,-57.356170654296875,8.873476028442383
9975.36877463724,-21918.8243174327,-57.35150909423828,8.097900390625
9975.339092408209,-21919.38081896529,-57.36971664428711,7.3447723388671875
9975.300134482604,-21920.103165325465,-57.421199798583984,6.683549404144287
9975.270452253575,-21920.665195018973,-57.44125747680664,5.9311676025390625
9975.19995695963,-21921.962470114806,-57.48994445800781,5.128224849700928
9975.157288755401,-21922.716142720197,-57.557708740234375,4.2067413330078125
9975.125751387057,-21923.300285057383,-57.57490158081055,3.480208158493042
9975.084938322145,-21924.05211494247,-57.646793365478516,2.637648105621338
9975.053400953802,-21924.63441455935,-57.67500686645508,1.7365508079528809
9975.01629816752,-21925.299636590025,-57.76597213745117,0.8081997632980347
9974.951368291526,-21926.628237931072,-57.82612228393555,0.06376504898071289
9974.925396341128,-21927.289774521134,-57.85275650024414,-0.7209856510162354
9974.871597301022,-21928.69945555567,-57.94395065307617,-1.5241707563400269
9974.847480489942,-21929.392318390946,-57.91729736328125,-2.4516422748565674
9974.825218818176,-21930.011472413957,-57.923709869384766,-3.264763355255127
9974.799246867782,-21930.719077011683,-57.928565979003906,-4.13773250579834
9974.769564638764,-21931.511446743516,-57.95744705200195,-5.110773086547852
9974.747302966998,-21932.126915325913,-58.00415802001953,-5.912753582000732
9974.695359066218,-21933.53291091984,-58.041873931884766,-6.770289421081543
9974.669387115828,-21934.23314463634,-58.1204833984375,-7.699376106262207
9974.643415165438,-21934.933378352842,-58.10798263549805,-8.617448806762695
9974.61744321505,-21935.63176934904,-58.17652893066406,-9.481986045837402
9974.56735445359,-21937.02670862112,-58.19445037841797,-10.433806419372559
9974.541382503203,-21937.72325689701,-58.249359130859375,-11.232497215270996
9974.48758346312,-21939.19743314228,-58.322391510009766,-12.125629425048828
9974.465321791364,-21939.803688123146,-58.316646575927734,-13.011509895324707
9974.439349840979,-21940.494708238115,-58.357391357421875,-13.937992095947266
9974.413377890596,-21941.183885632778,-58.38721466064453,-14.734112739562988
9974.389261079528,-21941.87306302744,-58.4217643737793,-15.558780670166016
9974.363289129147,-21942.562240422103,-58.435577392578125,-16.50521469116211
9974.3132003677,-21943.93506705051,-58.438377380371094,-17.289554595947266
9974.28722841732,-21944.620559004557,-58.484893798828125,-18.294923782348633
9974.233429377253,-21946.07262260615,-58.547000885009766,-19.080184936523438
9974.213022844815,-21946.667821265175,-58.57560729980469,-19.923847198486328
9974.19261631238,-21947.347785058304,-58.60417175292969,-20.790647506713867
9974.179630337203,-21948.027748851437,-58.641204833984375,-21.657751083374023
9974.16107894411,-21949.468756131184,-58.62836837768555,-22.449413299560547
9974.153658386875,-21950.0602693496,-58.67808532714844,-23.310688018798828
9974.146237829642,-21950.73470498181,-58.666019439697266,-24.150978088378906
9974.138817272411,-21951.40914061402,-58.691654205322266,-25.019845962524414
9974.129541575869,-21952.166498660026,-58.686180114746094,-25.828401565551758
9974.114700461405,-21953.43981839188,-58.704776763916016,-26.72307586669922
9974.107279904178,-21954.12346762562,-58.74123001098633,-27.496427536010742
9974.112845322177,-21955.48339521188,-58.73013687133789,-28.351301193237305
9974.133251854666,-21956.24812413911,-58.6514778137207,-29.24338150024414
9974.155513526466,-21956.924402491626,-58.61790084838867,-30.064958572387695
9974.177775198263,-21957.51591571004,-58.66307067871094,-30.836885452270508
9974.250125631577,-21958.86294425415,-58.51052474975586,-32.03062438964844
9974.302069532408,-21959.618459579848,-58.48876953125,-32.677391052246094
9974.342882597348,-21960.20444463734,-58.49048614501953,-33.48287582397461
9974.392971358864,-21960.873352108625,-58.45746612548828,-34.33150100708008
9974.448625538325,-21961.62518199371,-58.34175491333008,-35.21201705932617
9974.496859160528,-21962.290404024385,-58.355533599853516,-35.99662780761719
9974.600746962185,-21963.53608295163,-58.291465759277344,-36.836036682128906
9974.661966559588,-21964.199462261997,-58.212615966796875,-37.67315673828125
9974.725041296304,-21964.859156131748,-58.07529830932617,-38.634037017822266
9974.869742162884,-21966.25593812413,-58.0193977355957,-39.371639251708984
9974.956933710686,-21966.90641839235,-57.86432647705078,-40.252437591552734
9975.062676651629,-21967.55505594026,-57.84884262084961,-40.86873245239258
9975.183260707085,-21968.19816532725,-57.747501373291016,-41.68880081176758
9975.459676464963,-21969.46779961847,-57.662933349609375,-42.463008880615234
9975.62663900327,-21970.090639082082,-57.37406921386719,-43.28739929199219
9976.031059373821,-21971.31236264532,-57.24946212768555,-43.915748596191406
9976.261096648808,-21971.90756130433,-56.83369445800781,-44.8556022644043
9976.261096648808,-21971.90756130433,-56.666866302490234,-45.58103942871094
9977.079213086436,-21973.630504790926,-56.05707550048828,-46.99857711791992
9977.383455933981,-21974.181478162576,-55.74833297729492,-47.62983703613281
9977.70625017467,-21974.723237932685,-55.37622833251953,-48.357933044433594
9978.001217325638,-21975.18576072962,-54.95909881591797,-49.08134460449219
9978.771100141053,-21976.24901034646,-54.50053024291992,-49.70534896850586
9979.976940695287,-21977.514959196993,-53.554595947265625,-50.95557403564453
9980.494524563943,-21977.951683909614,-53.003257751464844,-51.484493255615234
9981.407253106509,-21978.60769233869,-51.679527282714844,-52.559940338134766
9981.915561278583,-21978.92279751108,-51.076229095458984,-53.036399841308594
9983.023079449118,-21979.523524330947,-50.459651947021484,-53.41027069091797
9983.557359571583,-21979.76676341138,-49.83419418334961,-53.7550048828125
9984.034130375308,-21979.956563602922,-49.16120910644531,-54.05668258666992
9985.777961330556,-21980.51306513539,-47.89897155761719,-54.53738784790039
9986.34377882135,-21980.65495459896,-47.18195343017578,-54.832366943359375
9986.913306590772,-21980.783945020383,-46.580238342285156,-54.91669845581055
9988.05236212961,-21981.021655939858,-45.92182540893555,-55.031646728515625
9989.119067235199,-21981.233568775046,-44.6220703125,-55.379539489746094
9989.757235159235,-21981.357031035546,-43.934593200683594,-55.60099792480469
9990.32490778934,-21981.467594253907,-43.26011657714844,-55.73568344116211
9991.4546876316,-21981.673978928175,-42.4534912109375,-55.9205207824707
9992.020505122386,-21981.758744062245,-41.71433639526367,-55.98295974731445
9992.588177752485,-21981.832452874474,-40.89026641845703,-56.12122344970703
9994.298616200032,-21982.01856762534,-39.45170211791992,-56.35591125488281
9994.907101895038,-21982.07569195481,-38.8571891784668,-56.4333610534668
9995.456223131992,-21982.125445403057,-38.07324981689453,-56.510746002197266
9996.786358020156,-21982.23600862138,-37.350425720214844,-56.535430908203125
9997.411539968985,-21982.287604789934,-36.672386169433594,-56.65081024169922
9997.95695092731,-21982.331830077266,-35.769039154052734,-56.75769805908203
9998.658193588013,-21982.38895440673,-35.04437255859375,-56.81083679199219
9999.20360454634,-21982.433179694064,-34.252769470214844,-56.81112289428711
10000.520753459297,-21982.54190019209,-33.484676361083984,-56.91417694091797
10001.140369990182,-21982.593496360645,-32.7932243347168,-56.932830810546875
10001.758131381752,-21982.643249808894,-32.05897521972656,-57.0072021484375
10002.991799025578,-21982.7445994257,-30.414894104003906,-57.13444519042969
10004.221756390772,-21982.84594904251,-29.63833236694336,-57.18903732299805
10004.759746791839,-21982.89017432984,-28.91722869873047,-57.26025390625
10005.448003477339,-21982.947298659317,-28.045255661010742,-57.343788146972656
10006.670540285277,-21983.046805555823,-27.278656005859375,-57.4102668762207
10007.204820407713,-21983.09103084316,-26.579395294189453,-57.481468200683594
10007.889366814583,-21983.14815517264,-25.759925842285156,-57.536773681640625
10008.49785250958,-21983.197908620892,-25.02077865600586,-57.59465408325195
10009.711113620944,-21983.297415517405,-24.27108383178711,-57.677734375
10010.317744176626,-21983.34716896566,-23.509357452392578,-57.74290466308594
10010.920664453677,-21983.39692241392,-22.782575607299805,-57.80356216430664
10012.729425284835,-21983.544340038385,-21.195384979248047,-57.94377899169922
10013.2544297107,-21983.58856532573,-20.500682830810547,-57.99336242675781
10015.128120417843,-21983.74151111112,-18.991756439208984,-58.12697219848633
10015.649414565078,-21983.785736398462,-18.197168350219727,-58.181312561035156
10016.916474716541,-21983.888928735596,-16.696374893188477,-58.317989349365234
10017.511974436336,-21983.93868218386,-15.973668098449707,-58.40470886230469
10019.289197899147,-21984.084257088038,-14.436857223510742,-58.512054443359375
10019.880987340313,-21984.132167815995,-13.718535423278809,-58.611854553222656
10020.470921642163,-21984.180078543952,-12.992753982543945,-58.6654052734375
10021.648935106552,-21984.277742720176,-12.191608428955078,-58.707801818847656
10022.237014269089,-21984.325653448137,-11.397210121154785,-58.780948638916016
10022.82323829231,-21984.373564176098,-10.711203575134277,-58.84593963623047
10024.646840237967,-21984.489655555386,-9.19297981262207,-58.981842041015625
10025.899059274912,-21984.5541507661,-7.848206520080566,-59.04405212402344
10026.524241223728,-21984.585477011304,-6.993369102478027,-59.06325149536133
10027.77089484273,-21984.637073179874,-6.111527442932129,-59.09031295776367
10028.392366512917,-21984.65365766263,-5.291054725646973,-59.13628005981445
10028.935922331915,-21984.664713984464,-4.4531474113464355,-59.1335563659668
10030.867122357778,-21984.65365766262,-2.9653139114379883,-59.18360900878906
10031.49972486385,-21984.640758620473,-2.089918613433838,-59.149288177490234
10032.163864738257,-21984.62601685802,-1.4153649806976318,-59.14920425415039
10032.82985975198,-21984.611275095565,-0.6778607368469238,-59.13703918457031
10034.161849779424,-21984.581791570665,0.10577690601348877,-59.13408279418945
10034.825989653833,-21984.567049808215,1.0111316442489624,-59.119544982910156
10035.490129528242,-21984.552308045764,1.874831199645996,-59.0611457824707
10036.152414263337,-21984.537566283314,2.7335851192474365,-59.069480895996094
10037.473273454898,-21984.50808275842,3.580382823944092,-59.02405548095703
10038.131847911365,-21984.49334099597,4.403744697570801,-58.98994827270508
10038.790422367832,-21984.478599233524,5.246023178100586,-58.970619201660156
10039.447141684985,-21984.465700191387,6.076385498046875,-58.95348358154297
10040.103861002139,-21984.45095842894,6.911900997161865,-58.9453010559082
10041.413589357817,-21984.42147490405,7.735996246337891,-58.92145919799805
10042.066598396343,-21984.406733141608,8.622312545776367,-58.90340805053711
10042.717752295554,-21984.391991379165,9.488175392150879,-58.89580535888672
10044.669358853875,-21984.349608812146,11.057624816894531,-58.838897705078125
10045.31680247446,-21984.334867049707,11.959146499633789,-58.847232818603516
10045.964246095044,-21984.320125287268,12.717911720275879,-58.81778335571289
10047.980782529357,-21984.275899999953,14.385371208190918,-58.78562927246094
10048.624515871315,-21984.26300095782,15.139047622680664,-58.77915573120117
10049.186623083457,-21984.250101915688,15.953530311584473,-58.802459716796875
10050.548295339931,-21984.218775670513,16.730567932128906,-58.738800048828125
10051.106692273446,-21984.207719348688,17.544998168945312,-58.71940612792969
10052.383028121478,-21984.17823582382,19.164966583251953,-58.66769027709961
10053.735424681385,-21984.148752298956,19.94778823852539,-58.67565155029297
10054.290111336271,-21984.135853256827,20.738800048828125,-58.65327072143555
10054.924568981662,-21984.1229542147,21.57793426513672,-58.63909912109375
10056.818666221261,-21984.080571647715,22.44083023071289,-58.61420440673828
10057.527329439212,-21984.065829885287,23.860271453857422,-58.60468292236328
10058.156221666659,-21984.047402682245,24.745529174804688,-58.574825286865234
10060.033622652438,-21983.97000842944,26.36211585998535,-58.49441909790039
10061.202360420268,-21983.91104137968,27.96193504333496,-58.54193115234375
10062.443448621343,-21983.84286072839,28.763643264770508,-58.38917541503906
10063.599200413977,-21983.75256743342,29.500661849975586,-58.33180618286133
10064.289312238794,-21983.6807013415,31.044452667236328,-58.13676071166992
10066.12033474174,-21983.4595749048,32.96452331542969,-57.659881591796875
10066.804881148617,-21983.369281609812,33.313899993896484,-57.93026351928711
10068.012576842053,-21983.197908621365,34.15764617919922,-57.84349060058594
10069.166473495387,-21982.99152394709,35.593685150146484,-57.60737228393555
10069.646954577724,-21982.89385977087,36.278324127197266,-57.48591613769531
10071.277622034773,-21982.54190019241,37.03773498535156,-57.358642578125
10071.88425259047,-21982.396325288224,38.44484329223633,-57.0853385925293
10072.882317541433,-21982.130973564137,39.7531852722168,-56.717201232910156
10074.318195370524,-21981.662922606356,40.432594299316406,-56.53401184082031
10074.84876521435,-21981.465751533586,41.136512756347656,-56.19558334350586
10075.768914314136,-21981.08062298957,42.29652404785156,-55.83700942993164
10076.659381184903,-21980.643898276972,43.381282806396484,-55.3622932434082
10077.572109727445,-21980.122408430274,43.87746810913086,-55.087684631347656
10078.360543935945,-21979.63593026939,44.98275375366211,-54.526371002197266
10078.772384863682,-21979.370578545273,45.62776565551758,-54.22102355957031
10079.961529164042,-21978.521084484022,46.70564270019531,-53.48391342163086
10080.742542815302,-21977.861390614322,47.01937484741211,-53.20145797729492
10081.093164145681,-21977.529700959163,47.25837707519531,-52.806156158447266
10081.393696714576,-21977.233022989825,47.6845703125,-52.46614074707031
10082.100504793281,-21976.49962030786,48.26156997680664,-51.9249153137207
10082.341672904127,-21976.23426858373,48.545936584472656,-51.67527770996094
10082.742382995993,-21975.77543122742,49.19390869140625,-51.23531723022461
10083.078163211865,-21975.37740364122,49.889434814453125,-50.37694549560547
10084.07993844154,-21974.174107281095,50.8548469543457,-49.461181640625
10084.406442960842,-21973.770551533977,51.268890380859375,-48.980716705322266
10085.326592060703,-21972.524872606795,51.56987762451172,-48.44239044189453
10085.575180728812,-21972.15264310488,51.98382568359375,-47.877220153808594
10085.849741347323,-21971.717761112548,52.43821334838867,-47.32210922241211
10086.142853358979,-21971.22575479071,52.61339569091797,-46.79258346557617
10086.391442027094,-21970.783501917147,53.09328079223633,-46.23972702026367
10086.840385741158,-21969.87688352634,53.475772857666016,-45.70503616333008
10087.042595926421,-21969.418046170016,53.71672439575195,-45.17267608642578
10087.229964997172,-21968.955523373075,53.93053436279297,-44.67445755004883
10087.545338680624,-21968.010207855823,53.99774932861328,-43.666168212890625
10087.90523570764,-21966.5692005761,54.594818115234375,-42.8258171081543
10087.996137534059,-21966.084565135476,55.1396369934082,-41.62714767456055
10088.129707564727,-21965.113451533918,56.13417053222656,-40.325096130371094
10088.176086047606,-21964.626973372982,55.201873779296875,-40.451114654541016
10088.205768276657,-21964.140495212047,55.53508377075195,-39.76026153564453
10088.224319669824,-21963.65401705111,55.62600326538086,-39.14505386352539
10088.218754251931,-21962.684746169853,55.373233795166016,-38.6646728515625
10088.196492580188,-21962.201953449527,55.286643981933594,-38.07493209838867
10088.16495521187,-21961.713632568284,55.535762786865234,-36.791107177734375
10088.048081435158,-21960.16206207014,55.5948371887207,-36.11215591430664
10088.0109786489,-21959.64425766399,55.55344009399414,-35.501129150390625
10087.972020723328,-21959.126453257843,55.52552795410156,-34.8799934387207
10087.933062797754,-21958.610491572,55.39063262939453,-34.230201721191406
10087.85700208592,-21957.57856820031,55.360050201416016,-33.689483642578125
10087.818044160347,-21957.064449234775,55.31800842285156,-32.37266540527344
10087.70488066225,-21955.52577777878,55.26770782470703,-31.626300811767578
10087.667777875988,-21955.015344253858,55.28093338012695,-31.019140243530273
10087.628819950412,-21954.504910728934,55.25902557373047,-30.376270294189453
10087.59171716415,-21953.99447720401,55.149539947509766,-29.12709617614746
10087.478553666046,-21952.47054751047,54.550132751464844,-27.432415008544922
10087.402492954203,-21951.458894062158,55.01084899902344,-27.855167388916016
10087.365390167937,-21950.953988698155,54.994178771972656,-27.191251754760742
10087.328287381672,-21950.44908333415,54.88679885864258,-26.494747161865234
10087.291184595406,-21949.946020690455,54.83882141113281,-25.914836883544922
10087.25408180914,-21949.44295804676,54.82768630981445,-25.288883209228516
10087.216979022875,-21948.941738123372,54.71479034423828,-24.67382049560547
10087.179876236607,-21948.440518199983,54.69478988647461,-24.0548038482666
10087.105670664072,-21947.43992107351,54.6632194519043,-23.36395835876465
10087.068567877805,-21946.940543870427,54.61491775512695,-22.779582977294922
10087.031465091535,-21946.44300938765,54.602577209472656,-22.132160186767578
10086.994362305266,-21945.945474904875,54.558345794677734,-21.50710105895996
10086.920156732727,-21944.95224865963,54.4891357421875,-20.911991119384766
10086.890474503713,-21944.52105210789,54.41258239746094,-19.709209442138672
10086.83667546364,-21942.980537931595,54.55965805053711,-19.13713264465332
10086.83111004571,-21942.48853160974,54.310848236083984,-18.403522491455078
10086.825544627778,-21941.996525287883,54.313804626464844,-17.791744232177734
10086.82183434916,-21941.506361686337,54.28994369506836,-17.22404670715332
10086.819979209857,-21941.0198835254,54.2802734375,-16.601552963256836
10086.840385742333,-21940.030342720773,54.26948165893555,-16.05856704711914
10086.864502553426,-21939.495953831865,54.25958251953125,-15.373710632324219
10086.892329643148,-21938.95603678204,54.19891357421875,-14.775494575500488
10086.92015673287,-21938.416119732214,54.26934814453125,-14.051186561584473
10086.97581091231,-21937.339971073176,54.302433013916016,-13.412102699279785
10087.011058559288,-21936.803739463965,54.360050201416016,-12.727372169494629
10087.09082954981,-21935.734961686154,54.42887496948242,-12.001729965209961
10087.133497754043,-21935.202415517553,54.4384651184082,-11.387581825256348
10087.179876236904,-21934.669869348956,54.533294677734375,-10.698515892028809
10087.231820137706,-21934.139165900662,54.564002990722656,-9.954928398132324
10087.285619177821,-21933.58082164777,54.59052658081055,-9.369343757629395
10087.343128496566,-21933.018791954266,54.65029525756836,-8.582995414733887
10087.454436855423,-21931.894732567256,54.737552642822266,-7.997276782989502
10087.510091034854,-21931.334545594058,54.846431732177734,-7.305319786071777
10087.567600353595,-21930.77435862086,54.8967170715332,-6.595288276672363
10087.623254533024,-21930.21601436797,54.95071029663086,-5.908675193786621
10087.734562891877,-21929.101168582492,55.03260040283203,-5.159884452819824
10087.790217071304,-21928.544667049904,55.10313415527344,-4.477046489715576
10087.84587125073,-21927.98816551732,55.19266891479492,-3.7670392990112305
10087.901525430156,-21927.43350670504,55.199642181396484,-3.0723814964294434
10088.010978649692,-21926.32603180079,55.29313278198242,-2.387600898742676
10088.066632829117,-21925.775058429124,55.38410568237305,-1.633899450302124
10088.122287008542,-21925.224085057456,55.45661926269531,-0.9691392183303833
10088.183506605907,-21924.60308831414,55.517452239990234,-0.3073597550392151
10088.285539268183,-21923.57485038307,55.57059860229492,0.35788071155548096
10088.341193447606,-21923.02571973171,55.635196685791016,1.1191250085830688
10088.394992487714,-21922.478431800657,55.69340896606445,1.731130599975586
10088.458067224392,-21921.864805938567,55.79867935180664,2.4397473335266113
10088.55453446872,-21920.842096168417,55.8203239440918,3.154296398162842
10088.610188648141,-21920.230313026634,55.907127380371094,3.8562071323394775
10088.656567130989,-21919.686710536193,55.987518310546875,4.531118392944336
10088.697380195896,-21919.144950766058,56.0667839050293,5.171608924865723
10088.764165211196,-21918.12961187713,56.174747467041016,5.894740581512451
10088.801267997473,-21917.52151417596,56.19076156616211,6.562705993652344
10088.83466050512,-21916.981597126134,56.249244689941406,7.2340989112854
10088.868053012768,-21916.443522796613,56.31159973144531,7.881651401519775
10088.932982888748,-21915.369216857875,56.3035888671875,8.592143058776855
10088.962665117768,-21914.8993231797,56.35175323486328,9.257729530334473
10088.99976790404,-21914.296753639446,56.40366744995117,10.025375366210938
10089.027594993746,-21913.828702681574,56.401771545410156,10.684248924255371
10089.098090287664,-21912.695429693027,56.452327728271484,11.3113431930542
10089.129627655995,-21912.162883524426,56.525211334228516,12.029143333435059
10089.159309885012,-21911.698518007168,56.517845153808594,12.663501739501953
10089.190847253341,-21911.167814558874,56.56163787841797,13.320962905883789
10089.255777129314,-21910.10825038259,56.65934753417969,14.036075592041016
10089.289169636957,-21909.5793896546,56.64754104614258,14.657483100891113
10089.326272423226,-21908.98603371588,56.71961975097656,15.334842681884766
