LnID,DID,BLID,FLID,BNID,FNID,JCT,BLID2,BLID3,BLID4,FLID2,FLID3,FLID4,CrossID,Span,LCnt,Lno,LaneType,LimitVel,RefVel,RoadSecID,LaneChgFG
1001,1001,0,1002,1001,1002,0,0,0,0,0,0,0,0,1.0,1,1,0,20,20,0,0,0
1002,1002,1001,1003,1002,1003,0,0,0,0,0,0,0,0,1.0,1,1,0,20,20,0,0,0
1003,1003,1002,1004,1003,1004,0,0,0,0,0,0,0,0,1.0,1,1,0,20,20,0,0,0
1004,1004,1003,1005,1004,1005,0,0,0,0,0,0,0,0,1.0,1,1,0,20,20,0,0,0
1005,1005,1004,1006,1005,1006,0,0,0,0,0,0,0,0,1.0,1,1,0,20,20,0,0,0
1006,1006,1005,1007,1006,1007,0,0,0,0,0,0,0,0,1.0,1,1,0,20,20,0,0,0
1007,1007,1006,1008,1007,1008,0,0,0,0,0,0,0,0,1.0,1,1,0,20,20,0,0,0
1008,1008,1007,1009,1008,1009,0,0,0,0,0,0,0,0,1.0,1,1,0,20,20,0,0,0
1009,1009,1008,1010,1009,1010,0,0,0,0,0,0,0,0,1.0,1,1,0,20,20,0,0,0
1010,1010,1009,1011,1010,1011,0,0,0,0,0,0,0,0,1.0,1,1,0,20,20,0,0,0
1011,1011,1010,1012,1011,1012,0,0,0,0,0,0,0,0,1.0,1,1,0,20,20,0,0,0
1012,1012,1011,1013,1012,1013,0,0,0,0,0,0,0,0,1.0,1,1,0,20,20,0,0,0
1013,1013,1012,1014,1013,1014,0,0,0,0,0,0,0,0,1.0,1,1,0,20,20,0,0,0
1014,1014,1013,1015,1014,1015,0,0,0,0,0,0,0,0,1.0,1,1,0,20,20,0,0,0
1015,1015,1014,1016,1015,1016,0,0,0,0,0,0,0,0,1.0,1,1,0,20,20,0,0,0
1016,1016,1015,1017,1016,1017,0,0,0,0,0,0,0,0,1.0,1,1,0,20,20,0,0,0
1017,1017,1016,1018,1017,1018,0,0,0,0,0,0,0,0,1.0,1,1,0,20,20,0,0,0
1018,1018,1017,1019,1018,1019,0,0,0,0,0,0,0,0,1.0,1,1,0,20,20,0,0,0
1019,1019,1018,1020,1019,1020,0,0,0,0,0,0,0,0,1.0,1,1,0,20,20,0,0,0
1020,1020,1019,1021,1020,1021,0,0,0,0,0,0,0,0,1.0,1,1,0,20,20,0,0,0
1021,1021,1020,1022,1021,1022,0,0,0,0,0,0,0,0,1.0,1,1,0,20,20,0,0,0
1022,1022,1021,1023,1022,1023,0,0,0,0,0,0,0,0,1.0,1,1,0,20,20,0,0,0
1023,1023,1022,1024,1023,1024,0,0,0,0,0,0,0,0,1.0,1,1,0,20,20,0,0,0
1024,1024,1023,1025,1024,1025,0,0,0,0,0,0,0,0,1.0,1,1,0,20,20,0,0,0
1025,1025,1024,1026,1025,1026,0,0,0,0,0,0,0,0,1.0,1,1,0,20,20,0,0,0
1026,1026,1025,1027,1026,1027,0,0,0,0,0,0,0,0,1.0,1,1,0,20,20,0,0,0
1027,1027,1026,1028,1027,1028,0,0,0,0,0,0,0,0,1.0,1,1,0,20,20,0,0,0
1028,1028,1027,1029,1028,1029,0,0,0,0,0,0,0,0,1.0,1,1,0,20,20,0,0,0
1029,1029,1028,1030,1029,1030,0,0,0,0,0,0,0,0,1.0,1,1,0,20,20,0,0,0
1030,1030,1029,1031,1030,1031,0,0,0,0,0,0,0,0,1.0,1,1,0,20,20,0,0,0
1031,1031,1030,1032,1031,1032,0,0,0,0,0,0,0,0,1.0,1,1,0,20,20,0,0,0
1032,1032,1031,1033,1032,1033,0,0,0,0,0,0,0,0,1.0,1,1,0,20,20,0,0,0
1033,1033,1032,1034,1033,1034,0,0,0,0,0,0,0,0,1.0,1,1,0,20,20,0,0,0
1034,1034,1033,1035,1034,1035,0,0,0,0,0,0,0,0,1.0,1,1,0,20,20,0,0,0
1035,1035,1034,1036,1035,1036,0,0,0,0,0,0,0,0,1.0,1,1,0,20,20,0,0,0
1036,1036,1035,1037,1036,1037,0,0,0,0,0,0,0,0,1.0,1,1,0,20,20,0,0,0
1037,1037,1036,1038,1037,1038,0,0,0,0,0,0,0,0,1.0,1,1,0,20,20,0,0,0
1038,1038,1037,1039,1038,1039,0,0,0,0,0,0,0,0,1.0,1,1,0,20,20,0,0,0
1039,1039,1038,1040,1039,1040,0,0,0,0,0,0,0,0,1.0,1,1,0,20,20,0,0,0
1040,1040,1039,1041,1040,1041,0,0,0,0,0,0,0,0,1.0,1,1,0,20,20,0,0,0
1041,1041,1040,1042,1041,1042,0,0,0,0,0,0,0,0,1.0,1,1,0,20,20,0,0,0
1042,1042,1041,1043,1042,1043,0,0,0,0,0,0,0,0,1.0,1,1,0,20,20,0,0,0
1043,1043,1042,1044,1043,1044,0,0,0,0,0,0,0,0,1.0,1,1,0,20,20,0,0,0
1044,1044,1043,1045,1044,1045,0,0,0,0,0,0,0,0,1.0,1,1,0,20,20,0,0,0
1045,1045,1044,1046,1045,1046,0,0,0,0,0,0,0,0,1.0,1,1,0,20,20,0,0,0
1046,1046,1045,1047,1046,1047,0,0,0,0,0,0,0,0,1.0,1,1,0,20,20,0,0,0
1047,1047,1046,1048,1047,1048,0,0,0,0,0,0,0,0,1.0,1,1,0,20,20,0,0,0
1048,1048,1047,1049,1048,1049,0,0,0,0,0,0,0,0,1.0,1,1,0,20,20,0,0,0
1049,1049,1048,1050,1049,1050,0,0,0,0,0,0,0,0,1.0,1,1,0,20,20,0,0,0
1050,1050,1049,1051,1050,1051,0,0,0,0,0,0,0,0,1.0,1,1,0,20,20,0,0,0
1051,1051,1050,1052,1051,1052,0,0,0,0,0,0,0,0,1.0,1,1,0,20,20,0,0,0
1052,1052,1051,1053,1052,1053,0,0,0,0,0,0,0,0,1.0,1,1,0,20,20,0,0,0
1053,1053,1052,1054,1053,1054,0,0,0,0,0,0,0,0,1.0,1,1,0,20,20,0,0,0
1054,1054,1053,1055,1054,1055,0,0,0,0,0,0,0,0,1.0,1,1,0,20,20,0,0,0
1055,1055,1054,1056,1055,1056,0,0,0,0,0,0,0,0,1.0,1,1,0,20,20,0,0,0
1056,1056,1055,1057,1056,1057,0,0,0,0,0,0,0,0,1.0,1,1,0,20,20,0,0,0
1057,1057,1056,1058,1057,1058,0,0,0,0,0,0,0,0,1.0,1,1,0,20,20,0,0,0
1058,1058,1057,1059,1058,1059,0,0,0,0,0,0,0,0,1.0,1,1,0,20,20,0,0,0
1059,1059,1058,1060,1059,1060,0,0,0,0,0,0,0,0,1.0,1,1,0,20,20,0,0,0
1060,1060,1059,1061,1060,1061,0,0,0,0,0,0,0,0,1.0,1,1,0,20,20,0,0,0
1061,1061,1060,1062,1061,1062,0,0,0,0,0,0,0,0,1.0,1,1,0,20,20,0,0,0
1062,1062,1061,1063,1062,1063,0,0,0,0,0,0,0,0,1.0,1,1,0,20,20,0,0,0
1063,1063,1062,1064,1063,1064,0,0,0,0,0,0,0,0,1.0,1,1,0,20,20,0,0,0
1064,1064,1063,1065,1064,1065,0,0,0,0,0,0,0,0,1.0,1,1,0,20,20,0,0,0
1065,1065,1064,1066,1065,1066,0,0,0,0,0,0,0,0,1.0,1,1,0,20,20,0,0,0
1066,1066,1065,1067,1066,1067,0,0,0,0,0,0,0,0,1.0,1,1,0,20,20,0,0,0
1067,1067,1066,1068,1067,1068,0,0,0,0,0,0,0,0,1.0,1,1,0,20,20,0,0,0
1068,1068,1067,1069,1068,1069,0,0,0,0,0,0,0,0,1.0,1,1,0,20,20,0,0,0
1069,1069,1068,1070,1069,1070,0,0,0,0,0,0,0,0,1.0,1,1,0,20,20,0,0,0
1070,1070,1069,1071,1070,1071,0,0,0,0,0,0,0,0,1.0,1,1,0,20,20,0,0,0
1071,1071,1070,1072,1071,1072,0,0,0,0,0,0,0,0,1.0,1,1,0,20,20,0,0,0
1072,1072,1071,1073,1072,1073,0,0,0,0,0,0,0,0,1.0,1,1,0,20,20,0,0,0
1073,1073,1072,1074,1073,1074,0,0,0,0,0,0,0,0,1.0,1,1,0,20,20,0,0,0
1074,1074,1073,1075,1074,1075,0,0,0,0,0,0,0,0,1.0,1,1,0,20,20,0,0,0
1075,1075,1074,1076,1075,1076,0,0,0,0,0,0,0,0,1.0,1,1,0,20,20,0,0,0
1076,1076,1075,1077,1076,1077,0,0,0,0,0,0,0,0,1.0,1,1,0,20,20,0,0,0
1077,1077,1076,1078,1077,1078,0,0,0,0,0,0,0,0,1.0,1,1,0,20,20,0,0,0
1078,1078,1077,1079,1078,1079,0,0,0,0,0,0,0,0,1.0,1,1,0,20,20,0,0,0
1079,1079,1078,1080,1079,1080,0,0,0,0,0,0,0,0,1.0,1,1,0,20,20,0,0,0
1080,1080,1079,1081,1080,1081,0,0,0,0,0,0,0,0,1.0,1,1,0,20,20,0,0,0
1081,1081,1080,1082,1081,1082,0,0,0,0,0,0,0,0,1.0,1,1,0,20,20,0,0,0
1082,1082,1081,1083,1082,1083,0,0,0,0,0,0,0,0,1.0,1,1,0,20,20,0,0,0
1083,1083,1082,1084,1083,1084,0,0,0,0,0,0,0,0,1.0,1,1,0,20,20,0,0,0
1084,1084,1083,1085,1084,1085,0,0,0,0,0,0,0,0,1.0,1,1,0,20,20,0,0,0
1085,1085,1084,1086,1085,1086,0,0,0,0,0,0,0,0,1.0,1,1,0,20,20,0,0,0
1086,1086,1085,1087,1086,1087,0,0,0,0,0,0,0,0,1.0,1,1,0,20,20,0,0,0
1087,1087,1086,1088,1087,1088,0,0,0,0,0,0,0,0,1.0,1,1,0,20,20,0,0,0
1088,1088,1087,1089,1088,1089,0,0,0,0,0,0,0,0,1.0,1,1,0,20,20,0,0,0
1089,1089,1088,1090,1089,1090,0,0,0,0,0,0,0,0,1.0,1,1,0,20,20,0,0,0
1090,1090,1089,1091,1090,1091,0,0,0,0,0,0,0,0,1.0,1,1,0,20,20,0,0,0
1091,1091,1090,1092,1091,1092,0,0,0,0,0,0,0,0,1.0,1,1,0,20,20,0,0,0
1092,1092,1091,1093,1092,1093,0,0,0,0,0,0,0,0,1.0,1,1,0,20,20,0,0,0
1093,1093,1092,1094,1093,1094,0,0,0,0,0,0,0,0,1.0,1,1,0,20,20,0,0,0
1094,1094,1093,1095,1094,1095,0,0,0,0,0,0,0,0,1.0,1,1,0,20,20,0,0,0
1095,1095,1094,1096,1095,1096,0,0,0,0,0,0,0,0,1.0,1,1,0,20,20,0,0,0
1096,1096,1095,1097,1096,1097,0,0,0,0,0,0,0,0,1.0,1,1,0,20,20,0,0,0
1097,1097,1096,1098,1097,1098,0,0,0,0,0,0,0,0,1.0,1,1,0,20,20,0,0,0
1098,1098,1097,1099,1098,1099,0,0,0,0,0,0,0,0,1.0,1,1,0,20,20,0,0,0
1099,1099,1098,1100,1099,1100,0,0,0,0,0,0,0,0,1.0,1,1,0,20,20,0,0,0
1100,1100,1099,1101,1100,1101,0,0,0,0,0,0,0,0,1.0,1,1,0,20,20,0,0,0
1101,1101,1100,1102,1101,1102,0,0,0,0,0,0,0,0,1.0,1,1,0,20,20,0,0,0
1102,1102,1101,1103,1102,1103,0,0,0,0,0,0,0,0,1.0,1,1,0,20,20,0,0,0
1103,1103,1102,1104,1103,1104,0,0,0,0,0,0,0,0,1.0,1,1,0,20,20,0,0,0
1104,1104,1103,1105,1104,1105,0,0,0,0,0,0,0,0,1.0,1,1,0,20,20,0,0,0
1105,1105,1104,1106,1105,1106,0,0,0,0,0,0,0,0,1.0,1,1,0,20,20,0,0,0
1106,1106,1105,1107,1106,1107,0,0,0,0,0,0,0,0,1.0,1,1,0,20,20,0,0,0
1107,1107,1106,1108,1107,1108,0,0,0,0,0,0,0,0,1.0,1,1,0,20,20,0,0,0
1108,1108,1107,1109,1108,1109,0,0,0,0,0,0,0,0,1.0,1,1,0,20,20,0,0,0
1109,1109,1108,1110,1109,1110,0,0,0,0,0,0,0,0,1.0,1,1,0,20,20,0,0,0
1110,1110,1109,1111,1110,1111,0,0,0,0,0,0,0,0,1.0,1,1,0,20,20,0,0,0
1111,1111,1110,1112,1111,1112,0,0,0,0,0,0,0,0,1.0,1,1,0,20,20,0,0,0
1112,1112,1111,1113,1112,1113,0,0,0,0,0,0,0,0,1.0,1,1,0,20,20,0,0,0
1113,1113,1112,1114,1113,1114,0,0,0,0,0,0,0,0,1.0,1,1,0,20,20,0,0,0
1114,1114,1113,1115,1114,1115,0,0,0,0,0,0,0,0,1.0,1,1,0,20,20,0,0,0
1115,1115,1114,1116,1115,1116,0,0,0,0,0,0,0,0,1.0,1,1,0,20,20,0,0,0
1116,1116,1115,1117,1116,1117,0,0,0,0,0,0,0,0,1.0,1,1,0,20,20,0,0,0
1117,1117,1116,1118,1117,1118,0,0,0,0,0,0,0,0,1.0,1,1,0,20,20,0,0,0
1118,1118,1117,1119,1118,1119,0,0,0,0,0,0,0,0,1.0,1,1,0,20,20,0,0,0
1119,1119,1118,1120,1119,1120,0,0,0,0,0,0,0,0,1.0,1,1,0,20,20,0,0,0
1120,1120,1119,1121,1120,1121,0,0,0,0,0,0,0,0,1.0,1,1,0,20,20,0,0,0
1121,1121,1120,1122,1121,1122,0,0,0,0,0,0,0,0,1.0,1,1,0,20,20,0,0,0
1122,1122,1121,1123,1122,1123,0,0,0,0,0,0,0,0,1.0,1,1,0,20,20,0,0,0
1123,1123,1122,1124,1123,1124,0,0,0,0,0,0,0,0,1.0,1,1,0,20,20,0,0,0
1124,1124,1123,1125,1124,1125,0,0,0,0,0,0,0,0,1.0,1,1,0,20,20,0,0,0
1125,1125,1124,1126,1125,1126,0,0,0,0,0,0,0,0,1.0,1,1,0,20,20,0,0,0
1126,1126,1125,1127,1126,1127,0,0,0,0,0,0,0,0,1.0,1,1,0,20,20,0,0,0
1127,1127,1126,1128,1127,1128,0,0,0,0,0,0,0,0,1.0,1,1,0,20,20,0,0,0
1128,1128,1127,1129,1128,1129,0,0,0,0,0,0,0,0,1.0,1,1,0,20,20,0,0,0
1129,1129,1128,1130,1129,1130,0,0,0,0,0,0,0,0,1.0,1,1,0,20,20,0,0,0
1130,1130,1129,1131,1130,1131,0,0,0,0,0,0,0,0,1.0,1,1,0,20,20,0,0,0
1131,1131,1130,1132,1131,1132,0,0,0,0,0,0,0,0,1.0,1,1,0,20,20,0,0,0
1132,1132,1131,1133,1132,1133,0,0,0,0,0,0,0,0,1.0,1,1,0,20,20,0,0,0
1133,1133,1132,1134,1133,1134,0,0,0,0,0,0,0,0,1.0,1,1,0,20,20,0,0,0
1134,1134,1133,1135,1134,1135,0,0,0,0,0,0,0,0,1.0,1,1,0,20,20,0,0,0
1135,1135,1134,1136,1135,1136,0,0,0,0,0,0,0,0,1.0,1,1,0,20,20,0,0,0
1136,1136,1135,1137,1136,1137,0,0,0,0,0,0,0,0,1.0,1,1,0,20,20,0,0,0
1137,1137,1136,1138,1137,1138,0,0,0,0,0,0,0,0,1.0,1,1,0,20,20,0,0,0
1138,1138,1137,1139,1138,1139,0,0,0,0,0,0,0,0,1.0,1,1,0,20,20,0,0,0
1139,1139,1138,1140,1139,1140,0,0,0,0,0,0,0,0,1.0,1,1,0,20,20,0,0,0
1140,1140,1139,1141,1140,1141,0,0,0,0,0,0,0,0,1.0,1,1,0,20,20,0,0,0
1141,1141,1140,1142,1141,1142,0,0,0,0,0,0,0,0,1.0,1,1,0,20,20,0,0,0
1142,1142,1141,1143,1142,1143,0,0,0,0,0,0,0,0,1.0,1,1,0,20,20,0,0,0
1143,1143,1142,1144,1143,1144,0,0,0,0,0,0,0,0,1.0,1,1,0,20,20,0,0,0
1144,1144,1143,1145,1144,1145,0,0,0,0,0,0,0,0,1.0,1,1,0,20,20,0,0,0
1145,1145,1144,1146,1145,1146,0,0,0,0,0,0,0,0,1.0,1,1,0,20,20,0,0,0
1146,1146,1145,1147,1146,1147,0,0,0,0,0,0,0,0,1.0,1,1,0,20,20,0,0,0
1147,1147,1146,1148,1147,1148,0,0,0,0,0,0,0,0,1.0,1,1,0,20,20,0,0,0
1148,1148,1147,1149,1148,1149,0,0,0,0,0,0,0,0,1.0,1,1,0,20,20,0,0,0
1149,1149,1148,1150,1149,1150,0,0,0,0,0,0,0,0,1.0,1,1,0,20,20,0,0,0
1150,1150,1149,1151,1150,1151,0,0,0,0,0,0,0,0,1.0,1,1,0,20,20,0,0,0
1151,1151,1150,1152,1151,1152,0,0,0,0,0,0,0,0,1.0,1,1,0,20,20,0,0,0
1152,1152,1151,1153,1152,1153,0,0,0,0,0,0,0,0,1.0,1,1,0,20,20,0,0,0
1153,1153,1152,1154,1153,1154,0,0,0,0,0,0,0,0,1.0,1,1,0,20,20,0,0,0
1154,1154,1153,1155,1154,1155,0,0,0,0,0,0,0,0,1.0,1,1,0,20,20,0,0,0
1155,1155,1154,1156,1155,1156,0,0,0,0,0,0,0,0,1.0,1,1,0,20,20,0,0,0
1156,1156,1155,1157,1156,1157,0,0,0,0,0,0,0,0,1.0,1,1,0,20,20,0,0,0
1157,1157,1156,1158,1157,1158,0,0,0,0,0,0,0,0,1.0,1,1,0,20,20,0,0,0
1158,1158,1157,1159,1158,1159,0,0,0,0,0,0,0,0,1.0,1,1,0,20,20,0,0,0
1159,1159,1158,1160,1159,1160,0,0,0,0,0,0,0,0,1.0,1,1,0,20,20,0,0,0
1160,1160,1159,1161,1160,1161,0,0,0,0,0,0,0,0,1.0,1,1,0,20,20,0,0,0
1161,1161,1160,1162,1161,1162,0,0,0,0,0,0,0,0,1.0,1,1,0,20,20,0,0,0
1162,1162,1161,1163,1162,1163,0,0,0,0,0,0,0,0,1.0,1,1,0,20,20,0,0,0
1163,1163,1162,1164,1163,1164,0,0,0,0,0,0,0,0,1.0,1,1,0,20,20,0,0,0
1164,1164,1163,1165,1164,1165,0,0,0,0,0,0,0,0,1.0,1,1,0,20,20,0,0,0
1165,1165,1164,1166,1165,1166,0,0,0,0,0,0,0,0,1.0,1,1,0,20,20,0,0,0
1166,1166,1165,1167,1166,1167,0,0,0,0,0,0,0,0,1.0,1,1,0,20,20,0,0,0
1167,1167,1166,1168,1167,1168,0,0,0,0,0,0,0,0,1.0,1,1,0,20,20,0,0,0
1168,1168,1167,1169,1168,1169,0,0,0,0,0,0,0,0,1.0,1,1,0,20,20,0,0,0
1169,1169,1168,1170,1169,1170,0,0,0,0,0,0,0,0,1.0,1,1,0,20,20,0,0,0
1170,1170,1169,1171,1170,1171,0,0,0,0,0,0,0,0,1.0,1,1,0,20,20,0,0,0
1171,1171,1170,1172,1171,1172,0,0,0,0,0,0,0,0,1.0,1,1,0,20,20,0,0,0
1172,1172,1171,1173,1172,1173,0,0,0,0,0,0,0,0,1.0,1,1,0,20,20,0,0,0
1173,1173,1172,1174,1173,1174,0,0,0,0,0,0,0,0,1.0,1,1,0,20,20,0,0,0
1174,1174,1173,1175,1174,1175,0,0,0,0,0,0,0,0,1.0,1,1,0,20,20,0,0,0
1175,1175,1174,1176,1175,1176,0,0,0,0,0,0,0,0,1.0,1,1,0,20,20,0,0,0
1176,1176,1175,1177,1176,1177,0,0,0,0,0,0,0,0,1.0,1,1,0,20,20,0,0,0
1177,1177,1176,1178,1177,1178,0,0,0,0,0,0,0,0,1.0,1,1,0,20,20,0,0,0
1178,1178,1177,1179,1178,1179,0,0,0,0,0,0,0,0,1.0,1,1,0,20,20,0,0,0
1179,1179,1178,1180,1179,1180,0,0,0,0,0,0,0,0,1.0,1,1,0,20,20,0,0,0
1180,1180,1179,1181,1180,1181,0,0,0,0,0,0,0,0,1.0,1,1,0,20,20,0,0,0
1181,1181,1180,1182,1181,1182,0,0,0,0,0,0,0,0,1.0,1,1,0,20,20,0,0,0
1182,1182,1181,1183,1182,1183,0,0,0,0,0,0,0,0,1.0,1,1,0,20,20,0,0,0
1183,1183,1182,1184,1183,1184,0,0,0,0,0,0,0,0,1.0,1,1,0,20,20,0,0,0
1184,1184,1183,1185,1184,1185,0,0,0,0,0,0,0,0,1.0,1,1,0,20,20,0,0,0
1185,1185,1184,1186,1185,1186,0,0,0,0,0,0,0,0,1.0,1,1,0,20,20,0,0,0
1186,1186,1185,1187,1186,1187,0,0,0,0,0,0,0,0,1.0,1,1,0,20,20,0,0,0
1187,1187,1186,1188,1187,1188,0,0,0,0,0,0,0,0,1.0,1,1,0,20,20,0,0,0
1188,1188,1187,1189,1188,1189,0,0,0,0,0,0,0,0,1.0,1,1,0,20,20,0,0,0
1189,1189,1188,1190,1189,1190,0,0,0,0,0,0,0,0,1.0,1,1,0,20,20,0,0,0
1190,1190,1189,1191,1190,1191,0,0,0,0,0,0,0,0,1.0,1,1,0,20,20,0,0,0
1191,1191,1190,1192,1191,1192,0,0,0,0,0,0,0,0,1.0,1,1,0,20,20,0,0,0
1192,1192,1191,1193,1192,1193,0,0,0,0,0,0,0,0,1.0,1,1,0,20,20,0,0,0
1193,1193,1192,1194,1193,1194,0,0,0,0,0,0,0,0,1.0,1,1,0,20,20,0,0,0
1194,1194,1193,1195,1194,1195,0,0,0,0,0,0,0,0,1.0,1,1,0,20,20,0,0,0
1195,1195,1194,1196,1195,1196,0,0,0,0,0,0,0,0,1.0,1,1,0,20,20,0,0,0
1196,1196,1195,1197,1196,1197,0,0,0,0,0,0,0,0,1.0,1,1,0,20,20,0,0,0
1197,1197,1196,1198,1197,1198,0,0,0,0,0,0,0,0,1.0,1,1,0,20,20,0,0,0
1198,1198,1197,1199,1198,1199,0,0,0,0,0,0,0,0,1.0,1,1,0,20,20,0,0,0
1199,1199,1198,1200,1199,1200,0,0,0,0,0,0,0,0,1.0,1,1,0,20,20,0,0,0
1200,1200,1199,1201,1200,1201,0,0,0,0,0,0,0,0,1.0,1,1,0,20,20,0,0,0
1201,1201,1200,1202,1201,1202,0,0,0,0,0,0,0,0,1.0,1,1,0,20,20,0,0,0
1202,1202,1201,1203,1202,1203,0,0,0,0,0,0,0,0,1.0,1,1,0,20,20,0,0,0
1203,1203,1202,1204,1203,1204,0,0,0,0,0,0,0,0,1.0,1,1,0,20,20,0,0,0
1204,1204,1203,1205,1204,1205,0,0,0,0,0,0,0,0,1.0,1,1,0,20,20,0,0,0
1205,1205,1204,1206,1205,1206,0,0,0,0,0,0,0,0,1.0,1,1,0,20,20,0,0,0
1206,1206,1205,1207,1206,1207,0,0,0,0,0,0,0,0,1.0,1,1,0,20,20,0,0,0
1207,1207,1206,1208,1207,1208,0,0,0,0,0,0,0,0,1.0,1,1,0,20,20,0,0,0
1208,1208,1207,1209,1208,1209,0,0,0,0,0,0,0,0,1.0,1,1,0,20,20,0,0,0
1209,1209,1208,1210,1209,1210,0,0,0,0,0,0,0,0,1.0,1,1,0,20,20,0,0,0
1210,1210,1209,1211,1210,1211,0,0,0,0,0,0,0,0,1.0,1,1,0,20,20,0,0,0
1211,1211,1210,1212,1211,1212,0,0,0,0,0,0,0,0,1.0,1,1,0,20,20,0,0,0
1212,1212,1211,1213,1212,1213,0,0,0,0,0,0,0,0,1.0,1,1,0,20,20,0,0,0
1213,1213,1212,1214,1213,1214,0,0,0,0,0,0,0,0,1.0,1,1,0,20,20,0,0,0
1214,1214,1213,1215,1214,1215,0,0,0,0,0,0,0,0,1.0,1,1,0,20,20,0,0,0
1215,1215,1214,1216,1215,1216,0,0,0,0,0,0,0,0,1.0,1,1,0,20,20,0,0,0
1216,1216,1215,1217,1216,1217,0,0,0,0,0,0,0,0,1.0,1,1,0,20,20,0,0,0
1217,1217,1216,1218,1217,1218,0,0,0,0,0,0,0,0,1.0,1,1,0,20,20,0,0,0
1218,1218,1217,1219,1218,1219,0,0,0,0,0,0,0,0,1.0,1,1,0,20,20,0,0,0
1219,1219,1218,1220,1219,1220,0,0,0,0,0,0,0,0,1.0,1,1,0,20,20,0,0,0
1220,1220,1219,1221,1220,1221,0,0,0,0,0,0,0,0,1.0,1,1,0,20,20,0,0,0
1221,1221,1220,1222,1221,1222,0,0,0,0,0,0,0,0,1.0,1,1,0,20,20,0,0,0
1222,1222,1221,1223,1222,1223,0,0,0,0,0,0,0,0,1.0,1,1,0,20,20,0,0,0
1223,1223,1222,1224,1223,1224,0,0,0,0,0,0,0,0,1.0,1,1,0,20,20,0,0,0
1224,1224,1223,1225,1224,1225,0,0,0,0,0,0,0,0,1.0,1,1,0,20,20,0,0,0
1225,1225,1224,1226,1225,1226,0,0,0,0,0,0,0,0,1.0,1,1,0,20,20,0,0,0
1226,1226,1225,1227,1226,1227,0,0,0,0,0,0,0,0,1.0,1,1,0,20,20,0,0,0
1227,1227,1226,1228,1227,1228,0,0,0,0,0,0,0,0,1.0,1,1,0,20,20,0,0,0
1228,1228,1227,1229,1228,1229,0,0,0,0,0,0,0,0,1.0,1,1,0,20,20,0,0,0
1229,1229,1228,1230,1229,1230,0,0,0,0,0,0,0,0,1.0,1,1,0,20,20,0,0,0
1230,1230,1229,1231,1230,1231,0,0,0,0,0,0,0,0,1.0,1,1,0,20,20,0,0,0
1231,1231,1230,1232,1231,1232,0,0,0,0,0,0,0,0,1.0,1,1,0,20,20,0,0,0
1232,1232,1231,1233,1232,1233,0,0,0,0,0,0,0,0,1.0,1,1,0,20,20,0,0,0
1233,1233,1232,1234,1233,1234,0,0,0,0,0,0,0,0,1.0,1,1,0,20,20,0,0,0
1234,1234,1233,1235,1234,1235,0,0,0,0,0,0,0,0,1.0,1,1,0,20,20,0,0,0
1235,1235,1234,1236,1235,1236,0,0,0,0,0,0,0,0,1.0,1,1,0,20,20,0,0,0
1236,1236,1235,1237,1236,1237,0,0,0,0,0,0,0,0,1.0,1,1,0,20,20,0,0,0
1237,1237,1236,1238,1237,1238,0,0,0,0,0,0,0,0,1.0,1,1,0,20,20,0,0,0
1238,1238,1237,1239,1238,1239,0,0,0,0,0,0,0,0,1.0,1,1,0,20,20,0,0,0
1239,1239,1238,1240,1239,1240,0,0,0,0,0,0,0,0,1.0,1,1,0,20,20,0,0,0
1240,1240,1239,1241,1240,1241,0,0,0,0,0,0,0,0,1.0,1,1,0,20,20,0,0,0
1241,1241,1240,1242,1241,1242,0,0,0,0,0,0,0,0,1.0,1,1,0,20,20,0,0,0
1242,1242,1241,1243,1242,1243,0,0,0,0,0,0,0,0,1.0,1,1,0,20,20,0,0,0
1243,1243,1242,1244,1243,1244,0,0,0,0,0,0,0,0,1.0,1,1,0,20,20,0,0,0
1244,1244,1243,1245,1244,1245,0,0,0,0,0,0,0,0,1.0,1,1,0,20,20,0,0,0
1245,1245,1244,1246,1245,1246,0,0,0,0,0,0,0,0,1.0,1,1,0,20,20,0,0,0
1246,1246,1245,1247,1246,1247,0,0,0,0,0,0,0,0,1.0,1,1,0,20,20,0,0,0
1247,1247,1246,1248,1247,1248,0,0,0,0,0,0,0,0,1.0,1,1,0,20,20,0,0,0
1248,1248,1247,1249,1248,1249,0,0,0,0,0,0,0,0,1.0,1,1,0,20,20,0,0,0
1249,1249,1248,1250,1249,1250,0,0,0,0,0,0,0,0,1.0,1,1,0,20,20,0,0,0
1250,1250,1249,1251,1250,1251,0,0,0,0,0,0,0,0,1.0,1,1,0,20,20,0,0,0
1251,1251,1250,1252,1251,1252,0,0,0,0,0,0,0,0,1.0,1,1,0,20,20,0,0,0
1252,1252,1251,1253,1252,1253,0,0,0,0,0,0,0,0,1.0,1,1,0,20,20,0,0,0
1253,1253,1252,1254,1253,1254,0,0,0,0,0,0,0,0,1.0,1,1,0,20,20,0,0,0
1254,1254,1253,1255,1254,1255,0,0,0,0,0,0,0,0,1.0,1,1,0,20,20,0,0,0
1255,1255,1254,1256,1255,1256,0,0,0,0,0,0,0,0,1.0,1,1,0,20,20,0,0,0
1256,1256,1255,1257,1256,1257,0,0,0,0,0,0,0,0,1.0,1,1,0,20,20,0,0,0
1257,1257,1256,1258,1257,1258,0,0,0,0,0,0,0,0,1.0,1,1,0,20,20,0,0,0
1258,1258,1257,1259,1258,1259,0,0,0,0,0,0,0,0,1.0,1,1,0,20,20,0,0,0
1259,1259,1258,1260,1259,1260,0,0,0,0,0,0,0,0,1.0,1,1,0,20,20,0,0,0
1260,1260,1259,1261,1260,1261,0,0,0,0,0,0,0,0,1.0,1,1,0,20,20,0,0,0
1261,1261,1260,1262,1261,1262,0,0,0,0,0,0,0,0,1.0,1,1,0,20,20,0,0,0
1262,1262,1261,1263,1262,1263,0,0,0,0,0,0,0,0,1.0,1,1,0,20,20,0,0,0
1263,1263,1262,1264,1263,1264,0,0,0,0,0,0,0,0,1.0,1,1,0,20,20,0,0,0
1264,1264,1263,1265,1264,1265,0,0,0,0,0,0,0,0,1.0,1,1,0,20,20,0,0,0
1265,1265,1264,1266,1265,1266,0,0,0,0,0,0,0,0,1.0,1,1,0,20,20,0,0,0
1266,1266,1265,1267,1266,1267,0,0,0,0,0,0,0,0,1.0,1,1,0,20,20,0,0,0
1267,1267,1266,1268,1267,1268,0,0,0,0,0,0,0,0,1.0,1,1,0,20,20,0,0,0
1268,1268,1267,1269,1268,1269,0,0,0,0,0,0,0,0,1.0,1,1,0,20,20,0,0,0
1269,1269,1268,1270,1269,1270,0,0,0,0,0,0,0,0,1.0,1,1,0,20,20,0,0,0
1270,1270,1269,1271,1270,1271,0,0,0,0,0,0,0,0,1.0,1,1,0,20,20,0,0,0
1271,1271,1270,1272,1271,1272,0,0,0,0,0,0,0,0,1.0,1,1,0,20,20,0,0,0
1272,1272,1271,1273,1272,1273,0,0,0,0,0,0,0,0,1.0,1,1,0,20,20,0,0,0
1273,1273,1272,1274,1273,1274,0,0,0,0,0,0,0,0,1.0,1,1,0,20,20,0,0,0
1274,1274,1273,1275,1274,1275,0,0,0,0,0,0,0,0,1.0,1,1,0,20,20,0,0,0
1275,1275,1274,1276,1275,1276,0,0,0,0,0,0,0,0,1.0,1,1,0,20,20,0,0,0
1276,1276,1275,1277,1276,1277,0,0,0,0,0,0,0,0,1.0,1,1,0,20,20,0,0,0
1277,1277,1276,1278,1277,1278,0,0,0,0,0,0,0,0,1.0,1,1,0,20,20,0,0,0
1278,1278,1277,1279,1278,1279,0,0,0,0,0,0,0,0,1.0,1,1,0,20,20,0,0,0
1279,1279,1278,1280,1279,1280,0,0,0,0,0,0,0,0,1.0,1,1,0,20,20,0,0,0
1280,1280,1279,1281,1280,1281,0,0,0,0,0,0,0,0,1.0,1,1,0,20,20,0,0,0
1281,1281,1280,1282,1281,1282,0,0,0,0,0,0,0,0,1.0,1,1,0,20,20,0,0,0
1282,1282,1281,1283,1282,1283,0,0,0,0,0,0,0,0,1.0,1,1,0,20,20,0,0,0
1283,1283,1282,1284,1283,1284,0,0,0,0,0,0,0,0,1.0,1,1,0,20,20,0,0,0
1284,1284,1283,1285,1284,1285,0,0,0,0,0,0,0,0,1.0,1,1,0,20,20,0,0,0
1285,1285,1284,1286,1285,1286,0,0,0,0,0,0,0,0,1.0,1,1,0,20,20,0,0,0
1286,1286,1285,1287,1286,1287,0,0,0,0,0,0,0,0,1.0,1,1,0,20,20,0,0,0
1287,1287,1286,1288,1287,1288,0,0,0,0,0,0,0,0,1.0,1,1,0,20,20,0,0,0
1288,1288,1287,1289,1288,1289,0,0,0,0,0,0,0,0,1.0,1,1,0,20,20,0,0,0
1289,1289,1288,1290,1289,1290,0,0,0,0,0,0,0,0,1.0,1,1,0,20,20,0,0,0
1290,1290,1289,1291,1290,1291,0,0,0,0,0,0,0,0,1.0,1,1,0,20,20,0,0,0
1291,1291,1290,1292,1291,1292,0,0,0,0,0,0,0,0,1.0,1,1,0,20,20,0,0,0
1292,1292,1291,1293,1292,1293,0,0,0,0,0,0,0,0,1.0,1,1,0,20,20,0,0,0
1293,1293,1292,1294,1293,1294,0,0,0,0,0,0,0,0,1.0,1,1,0,20,20,0,0,0
1294,1294,1293,1295,1294,1295,0,0,0,0,0,0,0,0,1.0,1,1,0,20,20,0,0,0
1295,1295,1294,1296,1295,1296,0,0,0,0,0,0,0,0,1.0,1,1,0,20,20,0,0,0
1296,1296,1295,1297,1296,1297,0,0,0,0,0,0,0,0,1.0,1,1,0,20,20,0,0,0
1297,1297,1296,1298,1297,1298,0,0,0,0,0,0,0,0,1.0,1,1,0,20,20,0,0,0
1298,1298,1297,1299,1298,1299,0,0,0,0,0,0,0,0,1.0,1,1,0,20,20,0,0,0
1299,1299,1298,1300,1299,1300,0,0,0,0,0,0,0,0,1.0,1,1,0,20,20,0,0,0
1300,1300,1299,1301,1300,1301,0,0,0,0,0,0,0,0,1.0,1,1,0,20,20,0,0,0
1301,1301,1300,1302,1301,1302,0,0,0,0,0,0,0,0,1.0,1,1,0,20,20,0,0,0
1302,1302,1301,1303,1302,1303,0,0,0,0,0,0,0,0,1.0,1,1,0,20,20,0,0,0
1303,1303,1302,1304,1303,1304,0,0,0,0,0,0,0,0,1.0,1,1,0,20,20,0,0,0
1304,1304,1303,1305,1304,1305,0,0,0,0,0,0,0,0,1.0,1,1,0,20,20,0,0,0
1305,1305,1304,1306,1305,1306,0,0,0,0,0,0,0,0,1.0,1,1,0,20,20,0,0,0
1306,1306,1305,1307,1306,1307,0,0,0,0,0,0,0,0,1.0,1,1,0,20,20,0,0,0
1307,1307,1306,1308,1307,1308,0,0,0,0,0,0,0,0,1.0,1,1,0,20,20,0,0,0
1308,1308,1307,1309,1308,1309,0,0,0,0,0,0,0,0,1.0,1,1,0,20,20,0,0,0
1309,1309,1308,1310,1309,1310,0,0,0,0,0,0,0,0,1.0,1,1,0,20,20,0,0,0
1310,1310,1309,1311,1310,1311,0,0,0,0,0,0,0,0,1.0,1,1,0,20,20,0,0,0
1311,1311,1310,1312,1311,1312,0,0,0,0,0,0,0,0,1.0,1,1,0,20,20,0,0,0
1312,1312,1311,1313,1312,1313,0,0,0,0,0,0,0,0,1.0,1,1,0,20,20,0,0,0
1313,1313,1312,1314,1313,1314,0,0,0,0,0,0,0,0,1.0,1,1,0,20,20,0,0,0
1314,1314,1313,1315,1314,1315,0,0,0,0,0,0,0,0,1.0,1,1,0,20,20,0,0,0
1315,1315,1314,1316,1315,1316,0,0,0,0,0,0,0,0,1.0,1,1,0,20,20,0,0,0
1316,1316,1315,1317,1316,1317,0,0,0,0,0,0,0,0,1.0,1,1,0,20,20,0,0,0
1317,1317,1316,1318,1317,1318,0,0,0,0,0,0,0,0,1.0,1,1,0,20,20,0,0,0
1318,1318,1317,1319,1318,1319,0,0,0,0,0,0,0,0,1.0,1,1,0,20,20,0,0,0
1319,1319,1318,1320,1319,1320,0,0,0,0,0,0,0,0,1.0,1,1,0,20,20,0,0,0
1320,1320,1319,1321,1320,1321,0,0,0,0,0,0,0,0,1.0,1,1,0,20,20,0,0,0
1321,1321,1320,1322,1321,1322,0,0,0,0,0,0,0,0,1.0,1,1,0,20,20,0,0,0
1322,1322,1321,1323,1322,1323,0,0,0,0,0,0,0,0,1.0,1,1,0,20,20,0,0,0
1323,1323,1322,1324,1323,1324,0,0,0,0,0,0,0,0,1.0,1,1,0,20,20,0,0,0
1324,1324,1323,1325,1324,1325,0,0,0,0,0,0,0,0,1.0,1,1,0,20,20,0,0,0
1325,1325,1324,1326,1325,1326,0,0,0,0,0,0,0,0,1.0,1,1,0,20,20,0,0,0
1326,1326,1325,1327,1326,1327,0,0,0,0,0,0,0,0,1.0,1,1,0,20,20,0,0,0
1327,1327,1326,1328,1327,1328,0,0,0,0,0,0,0,0,1.0,1,1,0,20,20,0,0,0
1328,1328,1327,1329,1328,1329,0,0,0,0,0,0,0,0,1.0,1,1,0,20,20,0,0,0
1329,1329,1328,1330,1329,1330,0,0,0,0,0,0,0,0,1.0,1,1,0,20,20,0,0,0
1330,1330,1329,1331,1330,1331,0,0,0,0,0,0,0,0,1.0,1,1,0,20,20,0,0,0
1331,1331,1330,1332,1331,1332,0,0,0,0,0,0,0,0,1.0,1,1,0,20,20,0,0,0
1332,1332,1331,1333,1332,1333,0,0,0,0,0,0,0,0,1.0,1,1,0,20,20,0,0,0
1333,1333,1332,1334,1333,1334,0,0,0,0,0,0,0,0,1.0,1,1,0,20,20,0,0,0
1334,1334,1333,1335,1334,1335,0,0,0,0,0,0,0,0,1.0,1,1,0,20,20,0,0,0
1335,1335,1334,1336,1335,1336,0,0,0,0,0,0,0,0,1.0,1,1,0,20,20,0,0,0
1336,1336,1335,1337,1336,1337,0,0,0,0,0,0,0,0,1.0,1,1,0,20,20,0,0,0
1337,1337,1336,1338,1337,1338,0,0,0,0,0,0,0,0,1.0,1,1,0,20,20,0,0,0
1338,1338,1337,1339,1338,1339,0,0,0,0,0,0,0,0,1.0,1,1,0,20,20,0,0,0
1339,1339,1338,1340,1339,1340,0,0,0,0,0,0,0,0,1.0,1,1,0,20,20,0,0,0
1340,1340,1339,1341,1340,1341,0,0,0,0,0,0,0,0,1.0,1,1,0,20,20,0,0,0
1341,1341,1340,1342,1341,1342,0,0,0,0,0,0,0,0,1.0,1,1,0,20,20,0,0,0
1342,1342,1341,1343,1342,1343,0,0,0,0,0,0,0,0,1.0,1,1,0,20,20,0,0,0
1343,1343,1342,1344,1343,1344,0,0,0,0,0,0,0,0,1.0,1,1,0,20,20,0,0,0
1344,1344,1343,1345,1344,1345,0,0,0,0,0,0,0,0,1.0,1,1,0,20,20,0,0,0
1345,1345,1344,1346,1345,1346,0,0,0,0,0,0,0,0,1.0,1,1,0,20,20,0,0,0
1346,1346,1345,1347,1346,1347,0,0,0,0,0,0,0,0,1.0,1,1,0,20,20,0,0,0
1347,1347,1346,1348,1347,1348,0,0,0,0,0,0,0,0,1.0,1,1,0,20,20,0,0,0
1348,1348,1347,1349,1348,1349,0,0,0,0,0,0,0,0,1.0,1,1,0,20,20,0,0,0
1349,1349,1348,1350,1349,1350,0,0,0,0,0,0,0,0,1.0,1,1,0,20,20,0,0,0
1350,1350,1349,1351,1350,1351,0,0,0,0,0,0,0,0,1.0,1,1,0,20,20,0,0,0
1351,1351,1350,1352,1351,1352,0,0,0,0,0,0,0,0,1.0,1,1,0,20,20,0,0,0
1352,1352,1351,1353,1352,1353,0,0,0,0,0,0,0,0,1.0,1,1,0,20,20,0,0,0
1353,1353,1352,1354,1353,1354,0,0,0,0,0,0,0,0,1.0,1,1,0,20,20,0,0,0
1354,1354,1353,1355,1354,1355,0,0,0,0,0,0,0,0,1.0,1,1,0,20,20,0,0,0
1355,1355,1354,1356,1355,1356,0,0,0,0,0,0,0,0,1.0,1,1,0,20,20,0,0,0
1356,1356,1355,1357,1356,1357,0,0,0,0,0,0,0,0,1.0,1,1,0,20,20,0,0,0
1357,1357,1356,1358,1357,1358,0,0,0,0,0,0,0,0,1.0,1,1,0,20,20,0,0,0
1358,1358,1357,1359,1358,1359,0,0,0,0,0,0,0,0,1.0,1,1,0,20,20,0,0,0
1359,1359,1358,1360,1359,1360,0,0,0,0,0,0,0,0,1.0,1,1,0,20,20,0,0,0
1360,1360,1359,1361,1360,1361,0,0,0,0,0,0,0,0,1.0,1,1,0,20,20,0,0,0
1361,1361,1360,1362,1361,1362,0,0,0,0,0,0,0,0,1.0,1,1,0,20,20,0,0,0
1362,1362,1361,1363,1362,1363,0,0,0,0,0,0,0,0,1.0,1,1,0,20,20,0,0,0
1363,1363,1362,1364,1363,1364,0,0,0,0,0,0,0,0,1.0,1,1,0,20,20,0,0,0
1364,1364,1363,1365,1364,1365,0,0,0,0,0,0,0,0,1.0,1,1,0,20,20,0,0,0
1365,1365,1364,1366,1365,1366,0,0,0,0,0,0,0,0,1.0,1,1,0,20,20,0,0,0
1366,1366,1365,1367,1366,1367,0,0,0,0,0,0,0,0,1.0,1,1,0,20,20,0,0,0
1367,1367,1366,1368,1367,1368,0,0,0,0,0,0,0,0,1.0,1,1,0,20,20,0,0,0
1368,1368,1367,1369,1368,1369,0,0,0,0,0,0,0,0,1.0,1,1,0,20,20,0,0,0
1369,1369,1368,1370,1369,1370,0,0,0,0,0,0,0,0,1.0,1,1,0,20,20,0,0,0
1370,1370,1369,1371,1370,1371,0,0,0,0,0,0,0,0,1.0,1,1,0,20,20,0,0,0
1371,1371,1370,1372,1371,1372,0,0,0,0,0,0,0,0,1.0,1,1,0,20,20,0,0,0
1372,1372,1371,1373,1372,1373,0,0,0,0,0,0,0,0,1.0,1,1,0,20,20,0,0,0
1373,1373,1372,1374,1373,1374,0,0,0,0,0,0,0,0,1.0,1,1,0,20,20,0,0,0
1374,1374,1373,1375,1374,1375,0,0,0,0,0,0,0,0,1.0,1,1,0,20,20,0,0,0
1375,1375,1374,1376,1375,1376,0,0,0,0,0,0,0,0,1.0,1,1,0,20,20,0,0,0
1376,1376,1375,1377,1376,1377,0,0,0,0,0,0,0,0,1.0,1,1,0,20,20,0,0,0
1377,1377,1376,1378,1377,1378,0,0,0,0,0,0,0,0,1.0,1,1,0,20,20,0,0,0
1378,1378,1377,1379,1378,1379,0,0,0,0,0,0,0,0,1.0,1,1,0,20,20,0,0,0
1379,1379,1378,1380,1379,1380,0,0,0,0,0,0,0,0,1.0,1,1,0,20,20,0,0,0
1380,1380,1379,1381,1380,1381,0,0,0,0,0,0,0,0,1.0,1,1,0,20,20,0,0,0
1381,1381,1380,1382,1381,1382,0,0,0,0,0,0,0,0,1.0,1,1,0,20,20,0,0,0
1382,1382,1381,1383,1382,1383,0,0,0,0,0,0,0,0,1.0,1,1,0,20,20,0,0,0
1383,1383,1382,1384,1383,1384,0,0,0,0,0,0,0,0,1.0,1,1,0,20,20,0,0,0
1384,1384,1383,1385,1384,1385,0,0,0,0,0,0,0,0,1.0,1,1,0,20,20,0,0,0
1385,1385,1384,1386,1385,1386,0,0,0,0,0,0,0,0,1.0,1,1,0,20,20,0,0,0
1386,1386,1385,1387,1386,1387,0,0,0,0,0,0,0,0,1.0,1,1,0,20,20,0,0,0
1387,1387,1386,1388,1387,1388,0,0,0,0,0,0,0,0,1.0,1,1,0,20,20,0,0,0
1388,1388,1387,1389,1388,1389,0,0,0,0,0,0,0,0,1.0,1,1,0,20,20,0,0,0
1389,1389,1388,1390,1389,1390,0,0,0,0,0,0,0,0,1.0,1,1,0,20,20,0,0,0
1390,1390,1389,1391,1390,1391,0,0,0,0,0,0,0,0,1.0,1,1,0,20,20,0,0,0
1391,1391,1390,1392,1391,1392,0,0,0,0,0,0,0,0,1.0,1,1,0,20,20,0,0,0
1392,1392,1391,1393,1392,1393,0,0,0,0,0,0,0,0,1.0,1,1,0,20,20,0,0,0
1393,1393,1392,1394,1393,1394,0,0,0,0,0,0,0,0,1.0,1,1,0,20,20,0,0,0
1394,1394,1393,1395,1394,1395,0,0,0,0,0,0,0,0,1.0,1,1,0,20,20,0,0,0
1395,1395,1394,1396,1395,1396,0,0,0,0,0,0,0,0,1.0,1,1,0,20,20,0,0,0
1396,1396,1395,1397,1396,1397,0,0,0,0,0,0,0,0,1.0,1,1,0,20,20,0,0,0
1397,1397,1396,1398,1397,1398,0,0,0,0,0,0,0,0,1.0,1,1,0,20,20,0,0,0
1398,1398,1397,1399,1398,1399,0,0,0,0,0,0,0,0,1.0,1,1,0,20,20,0,0,0
1399,1399,1398,1400,1399,1400,0,0,0,0,0,0,0,0,1.0,1,1,0,20,20,0,0,0
1400,1400,1399,1401,1400,1401,0,0,0,0,0,0,0,0,1.0,1,1,0,20,20,0,0,0
1401,1401,1400,1402,1401,1402,0,0,0,0,0,0,0,0,1.0,1,1,0,20,20,0,0,0
1402,1402,1401,1403,1402,1403,0,0,0,0,0,0,0,0,1.0,1,1,0,20,20,0,0,0
1403,1403,1402,1404,1403,1404,0,0,0,0,0,0,0,0,1.0,1,1,0,20,20,0,0,0
1404,1404,1403,1405,1404,1405,0,0,0,0,0,0,0,0,1.0,1,1,0,20,20,0,0,0
1405,1405,1404,1406,1405,1406,0,0,0,0,0,0,0,0,1.0,1,1,0,20,20,0,0,0
1406,1406,1405,1407,1406,1407,0,0,0,0,0,0,0,0,1.0,1,1,0,20,20,0,0,0
1407,1407,1406,1408,1407,1408,0,0,0,0,0,0,0,0,1.0,1,1,0,20,20,0,0,0
1408,1408,1407,1409,1408,1409,0,0,0,0,0,0,0,0,1.0,1,1,0,20,20,0,0,0
1409,1409,1408,1410,1409,1410,0,0,0,0,0,0,0,0,1.0,1,1,0,20,20,0,0,0
1410,1410,1409,1411,1410,1411,0,0,0,0,0,0,0,0,1.0,1,1,0,20,20,0,0,0
1411,1411,1410,1412,1411,1412,0,0,0,0,0,0,0,0,1.0,1,1,0,20,20,0,0,0
1412,1412,1411,1413,1412,1413,0,0,0,0,0,0,0,0,1.0,1,1,0,20,20,0,0,0
1413,1413,1412,1414,1413,1414,0,0,0,0,0,0,0,0,1.0,1,1,0,20,20,0,0,0
1414,1414,1413,1415,1414,1415,0,0,0,0,0,0,0,0,1.0,1,1,0,20,20,0,0,0
1415,1415,1414,1416,1415,1416,0,0,0,0,0,0,0,0,1.0,1,1,0,20,20,0,0,0
1416,1416,1415,1417,1416,1417,0,0,0,0,0,0,0,0,1.0,1,1,0,20,20,0,0,0
1417,1417,1416,1418,1417,1418,0,0,0,0,0,0,0,0,1.0,1,1,0,20,20,0,0,0
1418,1418,1417,1419,1418,1419,0,0,0,0,0,0,0,0,1.0,1,1,0,20,20,0,0,0
1419,1419,1418,1420,1419,1420,0,0,0,0,0,0,0,0,1.0,1,1,0,20,20,0,0,0
1420,1420,1419,1421,1420,1421,0,0,0,0,0,0,0,0,1.0,1,1,0,20,20,0,0,0
1421,1421,1420,1422,1421,1422,0,0,0,0,0,0,0,0,1.0,1,1,0,20,20,0,0,0
1422,1422,1421,1423,1422,1423,0,0,0,0,0,0,0,0,1.0,1,1,0,20,20,0,0,0
1423,1423,1422,1424,1423,1424,0,0,0,0,0,0,0,0,1.0,1,1,0,20,20,0,0,0
1424,1424,1423,1425,1424,1425,0,0,0,0,0,0,0,0,1.0,1,1,0,20,20,0,0,0
1425,1425,1424,1426,1425,1426,0,0,0,0,0,0,0,0,1.0,1,1,0,20,20,0,0,0
1426,1426,1425,1427,1426,1427,0,0,0,0,0,0,0,0,1.0,1,1,0,20,20,0,0,0
1427,1427,1426,1428,1427,1428,0,0,0,0,0,0,0,0,1.0,1,1,0,20,20,0,0,0
1428,1428,1427,1429,1428,1429,0,0,0,0,0,0,0,0,1.0,1,1,0,20,20,0,0,0
1429,1429,1428,1430,1429,1430,0,0,0,0,0,0,0,0,1.0,1,1,0,20,20,0,0,0
1430,1430,1429,1431,1430,1431,0,0,0,0,0,0,0,0,1.0,1,1,0,20,20,0,0,0
1431,1431,1430,1432,1431,1432,0,0,0,0,0,0,0,0,1.0,1,1,0,20,20,0,0,0
1432,1432,1431,1433,1432,1433,0,0,0,0,0,0,0,0,1.0,1,1,0,20,20,0,0,0
1433,1433,1432,1434,1433,1434,0,0,0,0,0,0,0,0,1.0,1,1,0,20,20,0,0,0
1434,1434,1433,1435,1434,1435,0,0,0,0,0,0,0,0,1.0,1,1,0,20,20,0,0,0
1435,1435,1434,1436,1435,1436,0,0,0,0,0,0,0,0,1.0,1,1,0,20,20,0,0,0
1436,1436,1435,1437,1436,1437,0,0,0,0,0,0,0,0,1.0,1,1,0,20,20,0,0,0
1437,1437,1436,1438,1437,1438,0,0,0,0,0,0,0,0,1.0,1,1,0,20,20,0,0,0
1438,1438,1437,1439,1438,1439,0,0,0,0,0,0,0,0,1.0,1,1,0,20,20,0,0,0
1439,1439,1438,1440,1439,1440,0,0,0,0,0,0,0,0,1.0,1,1,0,20,20,0,0,0
1440,1440,1439,1441,1440,1441,0,0,0,0,0,0,0,0,1.0,1,1,0,20,20,0,0,0
1441,1441,1440,1442,1441,1442,0,0,0,0,0,0,0,0,1.0,1,1,0,20,20,0,0,0
1442,1442,1441,1443,1442,1443,0,0,0,0,0,0,0,0,1.0,1,1,0,20,20,0,0,0
1443,1443,1442,1444,1443,1444,0,0,0,0,0,0,0,0,1.0,1,1,0,20,20,0,0,0
1444,1444,1443,1445,1444,1445,0,0,0,0,0,0,0,0,1.0,1,1,0,20,20,0,0,0
1445,1445,1444,1446,1445,1446,0,0,0,0,0,0,0,0,1.0,1,1,0,20,20,0,0,0
1446,1446,1445,1447,1446,1447,0,0,0,0,0,0,0,0,1.0,1,1,0,20,20,0,0,0
1447,1447,1446,1448,1447,1448,0,0,0,0,0,0,0,0,1.0,1,1,0,20,20,0,0,0
1448,1448,1447,1449,1448,1449,0,0,0,0,0,0,0,0,1.0,1,1,0,20,20,0,0,0
1449,1449,1448,1450,1449,1450,0,0,0,0,0,0,0,0,1.0,1,1,0,20,20,0,0,0
1450,1450,1449,1451,1450,1451,0,0,0,0,0,0,0,0,1.0,1,1,0,20,20,0,0,0
1451,1451,1450,1452,1451,1452,0,0,0,0,0,0,0,0,1.0,1,1,0,20,20,0,0,0
1452,1452,1451,1453,1452,1453,0,0,0,0,0,0,0,0,1.0,1,1,0,20,20,0,0,0
1453,1453,1452,1454,1453,1454,0,0,0,0,0,0,0,0,1.0,1,1,0,20,20,0,0,0
1454,1454,1453,1455,1454,1455,0,0,0,0,0,0,0,0,1.0,1,1,0,20,20,0,0,0
1455,1455,1454,1456,1455,1456,0,0,0,0,0,0,0,0,1.0,1,1,0,20,20,0,0,0
1456,1456,1455,1457,1456,1457,0,0,0,0,0,0,0,0,1.0,1,1,0,20,20,0,0,0
1457,1457,1456,1458,1457,1458,0,0,0,0,0,0,0,0,1.0,1,1,0,20,20,0,0,0
1458,1458,1457,1459,1458,1459,0,0,0,0,0,0,0,0,1.0,1,1,0,20,20,0,0,0
1459,1459,1458,1460,1459,1460,0,0,0,0,0,0,0,0,1.0,1,1,0,20,20,0,0,0
1460,1460,1459,1461,1460,1461,0,0,0,0,0,0,0,0,1.0,1,1,0,20,20,0,0,0
1461,1461,1460,1462,1461,1462,0,0,0,0,0,0,0,0,1.0,1,1,0,20,20,0,0,0
1462,1462,1461,1463,1462,1463,0,0,0,0,0,0,0,0,1.0,1,1,0,20,20,0,0,0
1463,1463,1462,1464,1463,1464,0,0,0,0,0,0,0,0,1.0,1,1,0,20,20,0,0,0
1464,1464,1463,1465,1464,1465,0,0,0,0,0,0,0,0,1.0,1,1,0,20,20,0,0,0
1465,1465,1464,1466,1465,1466,0,0,0,0,0,0,0,0,1.0,1,1,0,20,20,0,0,0
1466,1466,1465,1467,1466,1467,0,0,0,0,0,0,0,0,1.0,1,1,0,20,20,0,0,0
1467,1467,1466,1468,1467,1468,0,0,0,0,0,0,0,0,1.0,1,1,0,20,20,0,0,0
1468,1468,1467,1469,1468,1469,0,0,0,0,0,0,0,0,1.0,1,1,0,20,20,0,0,0
1469,1469,1468,1470,1469,1470,0,0,0,0,0,0,0,0,1.0,1,1,0,20,20,0,0,0
1470,1470,1469,1471,1470,1471,0,0,0,0,0,0,0,0,1.0,1,1,0,20,20,0,0,0
1471,1471,1470,1472,1471,1472,0,0,0,0,0,0,0,0,1.0,1,1,0,20,20,0,0,0
1472,1472,1471,1473,1472,1473,0,0,0,0,0,0,0,0,1.0,1,1,0,20,20,0,0,0
1473,1473,1472,1474,1473,1474,0,0,0,0,0,0,0,0,1.0,1,1,0,20,20,0,0,0
1474,1474,1473,1475,1474,1475,0,0,0,0,0,0,0,0,1.0,1,1,0,20,20,0,0,0
1475,1475,1474,1476,1475,1476,0,0,0,0,0,0,0,0,1.0,1,1,0,20,20,0,0,0
1476,1476,1475,1477,1476,1477,0,0,0,0,0,0,0,0,1.0,1,1,0,20,20,0,0,0
1477,1477,1476,1478,1477,1478,0,0,0,0,0,0,0,0,1.0,1,1,0,20,20,0,0,0
1478,1478,1477,1479,1478,1479,0,0,0,0,0,0,0,0,1.0,1,1,0,20,20,0,0,0
1479,1479,1478,1480,1479,1480,0,0,0,0,0,0,0,0,1.0,1,1,0,20,20,0,0,0
1480,1480,1479,1481,1480,1481,0,0,0,0,0,0,0,0,1.0,1,1,0,20,20,0,0,0
1481,1481,1480,1482,1481,1482,0,0,0,0,0,0,0,0,1.0,1,1,0,20,20,0,0,0
1482,1482,1481,1483,1482,1483,0,0,0,0,0,0,0,0,1.0,1,1,0,20,20,0,0,0
1483,1483,1482,1484,1483,1484,0,0,0,0,0,0,0,0,1.0,1,1,0,20,20,0,0,0
1484,1484,1483,1485,1484,1485,0,0,0,0,0,0,0,0,1.0,1,1,0,20,20,0,0,0
1485,1485,1484,1486,1485,1486,0,0,0,0,0,0,0,0,1.0,1,1,0,20,20,0,0,0
1486,1486,1485,1487,1486,1487,0,0,0,0,0,0,0,0,1.0,1,1,0,20,20,0,0,0
1487,1487,1486,1488,1487,1488,0,0,0,0,0,0,0,0,1.0,1,1,0,20,20,0,0,0
1488,1488,1487,1489,1488,1489,0,0,0,0,0,0,0,0,1.0,1,1,0,20,20,0,0,0
1489,1489,1488,1490,1489,1490,0,0,0,0,0,0,0,0,1.0,1,1,0,20,20,0,0,0
1490,1490,1489,1491,1490,1491,0,0,0,0,0,0,0,0,1.0,1,1,0,20,20,0,0,0
1491,1491,1490,1492,1491,1492,0,0,0,0,0,0,0,0,1.0,1,1,0,20,20,0,0,0
1492,1492,1491,1493,1492,1493,0,0,0,0,0,0,0,0,1.0,1,1,0,20,20,0,0,0
1493,1493,1492,1494,1493,1494,0,0,0,0,0,0,0,0,1.0,1,1,0,20,20,0,0,0
1494,1494,1493,1495,1494,1495,0,0,0,0,0,0,0,0,1.0,1,1,0,20,20,0,0,0
1495,1495,1494,1496,1495,1496,0,0,0,0,0,0,0,0,1.0,1,1,0,20,20,0,0,0
1496,1496,1495,1497,1496,1497,0,0,0,0,0,0,0,0,1.0,1,1,0,20,20,0,0,0
1497,1497,1496,1498,1497,1498,0,0,0,0,0,0,0,0,1.0,1,1,0,20,20,0,0,0
1498,1498,1497,1499,1498,1499,0,0,0,0,0,0,0,0,1.0,1,1,0,20,20,0,0,0
1499,1499,1498,1500,1499,1500,0,0,0,0,0,0,0,0,1.0,1,1,0,20,20,0,0,0
1500,1500,1499,1501,1500,1501,0,0,0,0,0,0,0,0,1.0,1,1,0,20,20,0,0,0
1501,1501,1500,1502,1501,1502,0,0,0,0,0,0,0,0,1.0,1,1,0,20,20,0,0,0
1502,1502,1501,1503,1502,1503,0,0,0,0,0,0,0,0,1.0,1,1,0,20,20,0,0,0
1503,1503,1502,1504,1503,1504,0,0,0,0,0,0,0,0,1.0,1,1,0,20,20,0,0,0
1504,1504,1503,1505,1504,1505,0,0,0,0,0,0,0,0,1.0,1,1,0,20,20,0,0,0
1505,1505,1504,1506,1505,1506,0,0,0,0,0,0,0,0,1.0,1,1,0,20,20,0,0,0
1506,1506,1505,1507,1506,1507,0,0,0,0,0,0,0,0,1.0,1,1,0,20,20,0,0,0
1507,1507,1506,1508,1507,1508,0,0,0,0,0,0,0,0,1.0,1,1,0,20,20,0,0,0
1508,1508,1507,1509,1508,1509,0,0,0,0,0,0,0,0,1.0,1,1,0,20,20,0,0,0
1509,1509,1508,1510,1509,1510,0,0,0,0,0,0,0,0,1.0,1,1,0,20,20,0,0,0
1510,1510,1509,1511,1510,1511,0,0,0,0,0,0,0,0,1.0,1,1,0,20,20,0,0,0
1511,1511,1510,1512,1511,1512,0,0,0,0,0,0,0,0,1.0,1,1,0,20,20,0,0,0
1512,1512,1511,1513,1512,1513,0,0,0,0,0,0,0,0,1.0,1,1,0,20,20,0,0,0
1513,1513,1512,1514,1513,1514,0,0,0,0,0,0,0,0,1.0,1,1,0,20,20,0,0,0
1514,1514,1513,1515,1514,1515,0,0,0,0,0,0,0,0,1.0,1,1,0,20,20,0,0,0
1515,1515,1514,1516,1515,1516,0,0,0,0,0,0,0,0,1.0,1,1,0,20,20,0,0,0
1516,1516,1515,1517,1516,1517,0,0,0,0,0,0,0,0,1.0,1,1,0,20,20,0,0,0
1517,1517,1516,1518,1517,1518,0,0,0,0,0,0,0,0,1.0,1,1,0,20,20,0,0,0
1518,1518,1517,1519,1518,1519,0,0,0,0,0,0,0,0,1.0,1,1,0,20,20,0,0,0
1519,1519,1518,1520,1519,1520,0,0,0,0,0,0,0,0,1.0,1,1,0,20,20,0,0,0
1520,1520,1519,1521,1520,1521,0,0,0,0,0,0,0,0,1.0,1,1,0,20,20,0,0,0
1521,1521,1520,1522,1521,1522,0,0,0,0,0,0,0,0,1.0,1,1,0,20,20,0,0,0
1522,1522,1521,1523,1522,1523,0,0,0,0,0,0,0,0,1.0,1,1,0,20,20,0,0,0
1523,1523,1522,1524,1523,1524,0,0,0,0,0,0,0,0,1.0,1,1,0,20,20,0,0,0
1524,1524,1523,1525,1524,1525,0,0,0,0,0,0,0,0,1.0,1,1,0,20,20,0,0,0
1525,1525,1524,1526,1525,1526,0,0,0,0,0,0,0,0,1.0,1,1,0,20,20,0,0,0
1526,1526,1525,1527,1526,1527,0,0,0,0,0,0,0,0,1.0,1,1,0,20,20,0,0,0
1527,1527,1526,1528,1527,1528,0,0,0,0,0,0,0,0,1.0,1,1,0,20,20,0,0,0
1528,1528,1527,1529,1528,1529,0,0,0,0,0,0,0,0,1.0,1,1,0,20,20,0,0,0
1529,1529,1528,1530,1529,1530,0,0,0,0,0,0,0,0,1.0,1,1,0,20,20,0,0,0
1530,1530,1529,1531,1530,1531,0,0,0,0,0,0,0,0,1.0,1,1,0,20,20,0,0,0
1531,1531,1530,1532,1531,1532,0,0,0,0,0,0,0,0,1.0,1,1,0,20,20,0,0,0
1532,1532,1531,1533,1532,1533,0,0,0,0,0,0,0,0,1.0,1,1,0,20,20,0,0,0
1533,1533,1532,1534,1533,1534,0,0,0,0,0,0,0,0,1.0,1,1,0,20,20,0,0,0
1534,1534,1533,1535,1534,1535,0,0,0,0,0,0,0,0,1.0,1,1,0,20,20,0,0,0
1535,1535,1534,1536,1535,1536,0,0,0,0,0,0,0,0,1.0,1,1,0,20,20,0,0,0
1536,1536,1535,1537,1536,1537,0,0,0,0,0,0,0,0,1.0,1,1,0,20,20,0,0,0
1537,1537,1536,0,1537,1538,0,0,0,0,0,0,0,0,1.0,1,1,0,20,20,0,0,0
